,Tax Effect Of Unusual Items,Tax Rate For Calcs,Normalized EBITDA,Total Unusual Items,Total Unusual Items Excluding Goodwill,Net Income From Continuing Operation Net Minority Interest,Reconciled Depreciation,Reconciled Cost Of Revenue,EBITDA,EBIT,Net Interest Income,Interest Expense,Interest Income,Normalized Income,Net Income From Continuing And Discontinued Operation,Total Expenses,Total Operating Income As Reported,Diluted Average Shares,Basic Average Shares,Diluted EPS,Basic EPS,Diluted NI Availto Com Stockholders,Net Income Common Stockholders,Otherunder Preferred Stock Dividend,Net Income,Net Income Including Noncontrolling Interests,Net Income Continuous Operations,Tax Provision,Pretax Income,Other Income Expense,Other Non Operating Income Expenses,Special Income Charges,Other Special Charges,Restructuring And Mergern Acquisition,Net Non Operating Interest Income Expense,Interest Expense Non Operating,Interest Income Non Operating,Operating Income,Operating Expense,Depreciation Amortization Depletion Income Statement,Depreciation And Amortization In Income Statement,Amortization,Amortization Of Intangibles Income Statement,Research And Development,Selling General And Administration,Gross Profit,Cost Of Revenue,Total Revenue,Operating Revenue,Gain On Sale Of Ppe,Write Off,Gain On Sale Of Security,General And Administrative Expense,Other Gand A,Salaries And Wages,Preferred Stock Dividends,Minority Interests,Earnings From Equity Interest,Net Income Discontinuous Operations,Gain On Sale Of Business,Other Taxes,Selling And Marketing Expense,Total Other Finance Cost,Average Dilution Earnings,Other Operating Expenses,Provision For Doubtful Accounts,Impairment Of Capital Assets,Earnings From Equity Interest Net Of Tax
2024-10-31,-2978120.272992,0.079932,4241141000.0,-37258000.0,-37258000.0,1635273000.0,2104316000.0,2696282000.0,4203883000.0,2099567000.0,-243410000.0,322227000.0,78817000.0,1669552879.727008,1635273000.0,7357101000.0,2032798000.0,498697000.0,496166000.0,3.28,3.3,1635273000.0,1635273000.0,,1635273000.0,1635273000.0,1635273000.0,142067000.0,1777340000.0,-49306000.0,-12048000.0,-37258000.0,37258000.0,,-243410000.0,322227000.0,78817000.0,2070056000.0,3311287000.0,754784000.0,754784000.0,754784000.0,754784000.0,1487863000.0,1068640000.0,5381343000.0,4045814000.0,9427157000.0,9427157000.0,,,,,,,,,,,,,,,,,,,
2023-10-31,-13069881.327704,0.081326,6326457000.0,-160710000.0,-160710000.0,3314579000.0,2293103000.0,3094836000.0,6165747000.0,3872644000.0,-223354000.0,264641000.0,41287000.0,3462219118.672296,3314579000.0,8321717000.0,3823112000.0,505959000.0,502232000.0,6.55,6.6,3314579000.0,3314579000.0,,3314579000.0,3314579000.0,3314579000.0,293424000.0,3608003000.0,-152465000.0,8245000.0,-160710000.0,160710000.0,160710000.0,-223354000.0,264641000.0,41287000.0,3983822000.0,3893396000.0,959618000.0,959618000.0,959618000.0,959618000.0,1660194000.0,1273584000.0,7877218000.0,4428321000.0,12305539000.0,12305539000.0,,,,,,,,,,,,,,,,,,,
2022-10-31,-31019517.0,0.113,5871165000.0,-274509000.0,-274509000.0,2748561000.0,2297499000.0,3196552000.0,5596656000.0,3299157000.0,-193502000.0,200408000.0,6906000.0,2992050483.0,2748561000.0,8460744000.0,3278700000.0,523178000.0,519226000.0,5.25,5.29,2748561000.0,2748561000.0,,2748561000.0,2748561000.0,2748561000.0,350188000.0,3098749000.0,-260958000.0,13551000.0,-274509000.0,274509000.0,274509000.0,-193502000.0,200408000.0,6906000.0,3553209000.0,3979265000.0,1012572000.0,1012572000.0,1012572000.0,1012572000.0,1700518000.0,1266175000.0,7532474000.0,4481479000.0,12013953000.0,12013953000.0,,,,,,,,,,,,,,,,,,,
2021-10-31,-80893620.0,0.27,2887779000.0,-299606000.0,-299606000.0,1390422000.0,1074634000.0,2255451000.0,2588173000.0,1513539000.0,-183605000.0,184825000.0,1220000.0,1609134380.0,1390422000.0,5541629000.0,1692201000.0,401288000.0,397462000.0,3.46,3.5,1390422000.0,1390422000.0,0.0,1390422000.0,1390422000.0,1390422000.0,-61708000.0,1328714000.0,-264338000.0,35268000.0,-299606000.0,299606000.0,84456000.0,-183605000.0,184825000.0,1220000.0,1776657000.0,2748355000.0,536811000.0,536811000.0,536811000.0,536811000.0,1296126000.0,915418000.0,4525012000.0,2793274000.0,7318286000.0,7318286000.0,,,,,,,,,,,,,,,,,,,
2020-10-31,,,,,,,,,,,,,,,,,,,,,,,,0.0,,,,,,,,,,52337000.0,,,,,,,,,,,,,,,,,,,,,,,,,,,,,,,,,,
2024-06-30,2576000.0,0.23,5784400000.0,11200000.0,11200000.0,3752000000.0,561900000.0,10476700000.0,5795600000.0,5233700000.0,904600000.0,361400000.0,1266000000.0,3743376000.0,3752000000.0,14221400000.0,,412200000.0,410600000.0,9.1,9.14,3752000000.0,3752000000.0,,3752000000.0,3752000000.0,3752000000.0,1120300000.0,4872300000.0,11200000.0,,17100000.0,,,904600000.0,361400000.0,1266000000.0,3956500000.0,3744700000.0,,,,,,3744700000.0,7701200000.0,10476700000.0,18177900000.0,18177900000.0,17100000.0,0.0,-5900000.0,3744700000.0,3778900000.0,-34200000.0,,,,,,,,,,,,,
2023-06-30,-3880800.0,0.231,5257000000.0,-16800000.0,-16800000.0,3412000000.0,549300000.0,9953400000.0,5240200000.0,4690900000.0,709600000.0,253300000.0,962900000.0,3424919200.0,3412000000.0,13454000000.0,,415700000.0,413700000.0,8.21,8.25,3412000000.0,3412000000.0,,3412000000.0,3412000000.0,3412000000.0,1025600000.0,4437600000.0,-16800000.0,50800000.0,-2100000.0,,,709600000.0,253300000.0,962900000.0,3744800000.0,3500600000.0,,,,,,3500600000.0,7245400000.0,9953400000.0,17198800000.0,17198800000.0,0.0,2100000.0,-14700000.0,3500600000.0,3551400000.0,-50800000.0,,,,,,,,,,,,,
2022-06-30,-4477500.0,0.225,4421000000.0,-19900000.0,-19900000.0,2948900000.0,515100000.0,9461900000.0,4401100000.0,3886000000.0,410900000.0,81900000.0,492800000.0,2964322500.0,2948900000.0,12633400000.0,,421100000.0,418800000.0,7.0,7.04,2948900000.0,2948900000.0,,2948900000.0,2948900000.0,2948900000.0,855200000.0,3804100000.0,-19900000.0,61700000.0,-15500000.0,,,410900000.0,81900000.0,492800000.0,3413100000.0,3171500000.0,,,,,,3171500000.0,6584600000.0,9461900000.0,16046500000.0,16046500000.0,7500000.0,23000000.0,-4400000.0,3171500000.0,3233200000.0,-61700000.0,,,,,,,,,,,,,
2021-06-30,272295.608711,0.226913,3930400000.0,1200000.0,1200000.0,2598500000.0,510700000.0,8640300000.0,3931600000.0,3420900000.0,399200000.0,59700000.0,458900000.0,2597572295.608711,2598500000.0,11680800000.0,,428100000.0,426300000.0,6.07,6.1,2598500000.0,2598500000.0,,2598500000.0,2598500000.0,2598500000.0,762700000.0,3361200000.0,59800000.0,58600000.0,-10100000.0,,,399200000.0,59700000.0,458900000.0,2902200000.0,3040500000.0,,,,,,3040500000.0,5942700000.0,8640300000.0,14583000000.0,14583000000.0,9800000.0,19900000.0,11300000.0,,,,,,,,,,,,,,,,
2020-06-30,,,,,,,,,,,,,,,,,,,,,,,,,,,,,,,74500000.0,,,,,,,,,,,,,,,,,,,,,,,,,,,,,,,,,,,,,
2023-12-31,33166000.0,0.206,2353000000.0,161000000.0,161000000.0,581000000.0,1369000000.0,7410000000.0,2514000000.0,1145000000.0,-291000000.0,329000000.0,38000000.0,453166000.0,581000000.0,11698000000.0,890000000.0,859000000.0,848000000.0,0.68,0.69,581000000.0,581000000.0,,581000000.0,648000000.0,648000000.0,168000000.0,816000000.0,217000000.0,56000000.0,,,,-291000000.0,329000000.0,38000000.0,890000000.0,3041000000.0,122000000.0,122000000.0,122000000.0,122000000.0,1076000000.0,1843000000.0,3931000000.0,8657000000.0,12588000000.0,12588000000.0,,,161000000.0,,,,,-67000000.0,,,,,,,,,,,
2022-12-31,80379000.0,0.229,3190000000.0,351000000.0,351000000.0,1316000000.0,1452000000.0,8354000000.0,3541000000.0,2089000000.0,-277000000.0,292000000.0,15000000.0,1045379000.0,1316000000.0,12751000000.0,1438000000.0,857000000.0,843000000.0,1.54,1.56,1316000000.0,1316000000.0,,1316000000.0,1386000000.0,1386000000.0,411000000.0,1797000000.0,636000000.0,285000000.0,,,,-277000000.0,292000000.0,15000000.0,1438000000.0,3068000000.0,123000000.0,123000000.0,123000000.0,123000000.0,1047000000.0,1898000000.0,4506000000.0,9683000000.0,14189000000.0,14189000000.0,,,351000000.0,,,,,-70000000.0,,,,,,,,,,,
2021-12-31,71508000.0,0.202,3853000000.0,354000000.0,354000000.0,1906000000.0,1481000000.0,7667000000.0,4207000000.0,2726000000.0,-289000000.0,300000000.0,11000000.0,1623508000.0,1906000000.0,11970000000.0,2112000000.0,844000000.0,828000000.0,1.28,1.3,1079000000.0,1079000000.0,803000000.0,1906000000.0,1935000000.0,1935000000.0,491000000.0,2426000000.0,603000000.0,249000000.0,,,,-289000000.0,300000000.0,11000000.0,2112000000.0,2951000000.0,129000000.0,129000000.0,129000000.0,129000000.0,995000000.0,1827000000.0,5063000000.0,9019000000.0,14082000000.0,14082000000.0,,,354000000.0,,,,24000000.0,-29000000.0,35000000.0,,,,,,,,,,
2020-12-31,81880000.0,0.178,1959000000.0,460000000.0,460000000.0,512000000.0,1520000000.0,6373000000.0,2419000000.0,899000000.0,-261000000.0,276000000.0,15000000.0,133880000.0,512000000.0,10794000000.0,509000000.0,772000000.0,761000000.0,0.54,0.54,414000000.0,414000000.0,,512000000.0,512000000.0,512000000.0,111000000.0,623000000.0,375000000.0,-60000000.0,498000000.0,,-498000000.0,-261000000.0,276000000.0,15000000.0,509000000.0,3022000000.0,121000000.0,121000000.0,121000000.0,121000000.0,1154000000.0,1747000000.0,3531000000.0,7772000000.0,11303000000.0,11303000000.0,,,-38000000.0,,,,98000000.0,,-25000000.0,,,,,,,,,,
2024-09-30,-88374000.0,0.206,4461000000.0,-429000000.0,-429000000.0,1618000000.0,1689000000.0,7995000000.0,4032000000.0,2343000000.0,-89000000.0,323000000.0,234000000.0,1958626000.0,1968000000.0,14826000000.0,,574000000.0,571300000.0,3.43,3.44,1968000000.0,1968000000.0,,1968000000.0,1955000000.0,1605000000.0,415000000.0,2020000000.0,-557000000.0,-207000000.0,-324000000.0,,324000000.0,-89000000.0,323000000.0,234000000.0,2666000000.0,6219000000.0,1077000000.0,1077000000.0,1077000000.0,1077000000.0,,5142000000.0,8885000000.0,8607000000.0,17492000000.0,17492000000.0,,,-105000000.0,5142000000.0,5142000000.0,,,13000000.0,79000000.0,350000000.0,0.0,,,,,,,,
2023-09-30,-37349000.0,0.221,4384000000.0,-169000000.0,-169000000.0,2280000000.0,1051000000.0,7169000000.0,4215000000.0,3164000000.0,7000000.0,261000000.0,268000000.0,2411651000.0,13219000000.0,12406000000.0,,577300000.0,574200000.0,22.88,23.0,13219000000.0,13219000000.0,,13219000000.0,13200000000.0,2261000000.0,642000000.0,2903000000.0,137000000.0,145000000.0,-188000000.0,,141000000.0,7000000.0,261000000.0,268000000.0,2759000000.0,4668000000.0,482000000.0,482000000.0,482000000.0,482000000.0,,4186000000.0,7427000000.0,7738000000.0,15165000000.0,15165000000.0,,,19000000.0,4186000000.0,4186000000.0,,,19000000.0,161000000.0,10939000000.0,-47000000.0,,,,,,,,
2022-09-30,-63958000.0,0.226,3785000000.0,-283000000.0,-283000000.0,1884000000.0,842000000.0,6992000000.0,3502000000.0,2660000000.0,-194000000.0,228000000.0,34000000.0,2103042000.0,3231000000.0,11448000000.0,,596300000.0,591400000.0,5.41,5.463307,3231000000.0,3231000000.0,,3231000000.0,3230000000.0,1883000000.0,549000000.0,2432000000.0,270000000.0,100000000.0,-301000000.0,,166000000.0,-194000000.0,228000000.0,34000000.0,2356000000.0,3950000000.0,336000000.0,336000000.0,336000000.0,336000000.0,,3614000000.0,6306000000.0,7498000000.0,13804000000.0,13804000000.0,,,18000000.0,3614000000.0,3614000000.0,,,1000000.0,453000000.0,1347000000.0,-135000000.0,,,,,,,,
2021-09-30,-22148000.0,0.196,2802000000.0,-113000000.0,-113000000.0,1392000000.0,762000000.0,6717000000.0,2689000000.0,1927000000.0,-155000000.0,165000000.0,10000000.0,1482852000.0,2303000000.0,10973000000.0,,601800000.0,595800000.0,3.82,3.865391,2303000000.0,2303000000.0,,2303000000.0,2327000000.0,1416000000.0,346000000.0,1762000000.0,-42000000.0,71000000.0,-132000000.0,,132000000.0,-155000000.0,165000000.0,10000000.0,1959000000.0,3771000000.0,277000000.0,277000000.0,277000000.0,277000000.0,,3494000000.0,5730000000.0,7202000000.0,12932000000.0,12932000000.0,,,19000000.0,3494000000.0,3494000000.0,,,-24000000.0,0.0,911000000.0,0.0,,,,,,,,
2024-10-31,-59598000.0,0.154,5103000000.0,-387000000.0,-387000000.0,2775000000.0,830000000.0,41229000000.0,4716000000.0,3886000000.0,-607000000.0,607000000.0,,3102402000.0,2775000000.0,49357000000.0,3818000000.0,,,,,2775000000.0,2775000000.0,,2775000000.0,2775000000.0,2775000000.0,504000000.0,3279000000.0,-316000000.0,71000000.0,-387000000.0,3000000.0,384000000.0,-607000000.0,607000000.0,,4202000000.0,7616000000.0,318000000.0,318000000.0,318000000.0,318000000.0,1640000000.0,5658000000.0,11818000000.0,41741000000.0,53559000000.0,53559000000.0,,,,,,,,,,,,0.0,,,,,,,
2023-10-31,-138600000.0,0.21,5131000000.0,-660000000.0,-660000000.0,3263000000.0,850000000.0,41710000000.0,4471000000.0,3621000000.0,-684000000.0,684000000.0,,3784400000.0,3263000000.0,49495000000.0,3456000000.0,1000000000.0,992000000.0,3.26,3.29,3263000000.0,3263000000.0,,3263000000.0,3263000000.0,3263000000.0,-326000000.0,2937000000.0,-602000000.0,58000000.0,-660000000.0,-107000000.0,767000000.0,-684000000.0,684000000.0,,4223000000.0,7285000000.0,350000000.0,350000000.0,350000000.0,350000000.0,1578000000.0,5357000000.0,11508000000.0,42210000000.0,53718000000.0,53718000000.0,,,,,,,,,,,,0.0,,,,,,,
2022-10-31,-154284000.0,0.276,6022000000.0,-559000000.0,-559000000.0,3132000000.0,780000000.0,50095000000.0,5463000000.0,4683000000.0,-359000000.0,359000000.0,,3536716000.0,3132000000.0,57793000000.0,4559000000.0,1050000000.0,1038000000.0,3.05,3.09,3132000000.0,3132000000.0,,3132000000.0,3132000000.0,3132000000.0,1192000000.0,4324000000.0,-434000000.0,125000000.0,-559000000.0,,559000000.0,-359000000.0,359000000.0,,5117000000.0,7146000000.0,228000000.0,228000000.0,228000000.0,228000000.0,1653000000.0,5264000000.0,12263000000.0,50647000000.0,62910000000.0,62910000000.0,,,,5264000000.0,5264000000.0,0.0,,,,,,1000000.0,5264000000.0,,,,,,
2021-10-31,267784000.0,0.136,6638000000.0,1969000000.0,1969000000.0,6541000000.0,785000000.0,49422000000.0,8607000000.0,7822000000.0,-254000000.0,254000000.0,,4839784000.0,6541000000.0,57782000000.0,5359000000.0,1220000000.0,1208000000.0,5.33,5.38,6541000000.0,6541000000.0,,6541000000.0,6541000000.0,6541000000.0,1027000000.0,7568000000.0,2144000000.0,175000000.0,1969000000.0,-2288000000.0,319000000.0,-254000000.0,254000000.0,,5678000000.0,7729000000.0,154000000.0,154000000.0,154000000.0,154000000.0,1848000000.0,5727000000.0,13407000000.0,50053000000.0,63460000000.0,63460000000.0,,,,5741000000.0,5741000000.0,-37000000.0,,,,,,0.0,5741000000.0,,,,,,
2020-10-31,,,,,,,,,,,,,,,,,,1420000000.0,1413000000.0,2.0,2.01,,,,,,,,,,,,40000000.0,,,,,,,,,,,,,,,,,,,,4901000000.0,4901000000.0,214000000.0,,,,,,,4901000000.0,,,,,,
2024-12-31,-1571430000.0,0.21,8686000000.0,-7483000000.0,-7483000000.0,-18756000000.0,11379000000.0,35756000000.0,1203000000.0,-10176000000.0,981000000.0,1034000000.0,1805000000.0,-12844430000.0,-18756000000.0,57809000000.0,-11678000000.0,,,,,-18756000000.0,-18756000000.0,,-18756000000.0,-19233000000.0,-19233000000.0,8023000000.0,-11210000000.0,-7483000000.0,,-7317000000.0,858000000.0,2481000000.0,981000000.0,1034000000.0,1805000000.0,-4708000000.0,22053000000.0,,,,,16546000000.0,5507000000.0,17345000000.0,35756000000.0,53101000000.0,53101000000.0,,3978000000.0,-166000000.0,,,,,477000000.0,,,,,,-210000000.0,,,,,
2023-12-31,21420000.0,0.21,11140000000.0,102000000.0,102000000.0,1689000000.0,9602000000.0,32517000000.0,11242000000.0,1640000000.0,629000000.0,878000000.0,1335000000.0,1608420000.0,1689000000.0,54197000000.0,93000000.0,4212000000.0,4190000000.0,0.4,0.4,1689000000.0,1689000000.0,,1689000000.0,1675000000.0,1675000000.0,-913000000.0,762000000.0,102000000.0,,-152000000.0,-329000000.0,222000000.0,629000000.0,878000000.0,1335000000.0,31000000.0,21680000000.0,,,,,16046000000.0,5634000000.0,21711000000.0,32517000000.0,54228000000.0,54228000000.0,,259000000.0,254000000.0,,,,,14000000.0,,,,,,-172000000.0,,,,,
2022-12-31,1105860000.0,0.21,16033000000.0,5266000000.0,5266000000.0,8014000000.0,13035000000.0,36188000000.0,21299000000.0,8264000000.0,166000000.0,496000000.0,589000000.0,3853860000.0,8014000000.0,60718000000.0,2334000000.0,4123000000.0,4108000000.0,1.94,1.95,8014000000.0,8014000000.0,,8014000000.0,8017000000.0,8017000000.0,-249000000.0,7768000000.0,5266000000.0,,808000000.0,-1187000000.0,1038000000.0,166000000.0,496000000.0,589000000.0,2336000000.0,24530000000.0,,,,,17528000000.0,7002000000.0,26866000000.0,36188000000.0,63054000000.0,63054000000.0,,341000000.0,4458000000.0,,,,,-3000000.0,,,1000000000.0,,,-73000000.0,,,,,
2021-12-31,8755000.0,0.085,33989000000.0,103000000.0,103000000.0,19868000000.0,11792000000.0,35209000000.0,34092000000.0,22300000000.0,-482000000.0,597000000.0,144000000.0,19773755000.0,19868000000.0,56942000000.0,19456000000.0,4090000000.0,4059000000.0,4.86,4.89,19868000000.0,19868000000.0,,19868000000.0,19868000000.0,19868000000.0,1835000000.0,21703000000.0,103000000.0,,-2780000000.0,2291000000.0,48000000.0,-482000000.0,597000000.0,144000000.0,22082000000.0,21733000000.0,,,,,15190000000.0,6543000000.0,43815000000.0,35209000000.0,79024000000.0,79024000000.0,,441000000.0,2883000000.0,,,,,0.0,,,,,,29000000.0,,,,,
2020-12-31,,,,,,,,,,,,,,,,,,4232000000.0,4199000000.0,4.94,4.98,,,,,,,,,,-147000000.0,,,,,,,,,,,,,,,,,,,,,,,,,,,,,,,,,,,,,
2023-12-31,-7020000.0,0.135,14745000000.0,-52000000.0,-52000000.0,7514000000.0,4396000000.0,24159000000.0,14693000000.0,10297000000.0,-937000000.0,1607000000.0,670000000.0,7558980000.0,7502000000.0,52486000000.0,,922073828.0,911210319.0,8.14,8.23,7502000000.0,7502000000.0,,7502000000.0,7502000000.0,7514000000.0,1176000000.0,8690000000.0,253000000.0,305000000.0,8000000.0,,,-937000000.0,1607000000.0,670000000.0,9374000000.0,24926000000.0,995000000.0,995000000.0,995000000.0,995000000.0,6775000000.0,17997000000.0,34300000000.0,27560000000.0,61860000000.0,61860000000.0,8000000.0,,-60000000.0,16760000000.0,15706000000.0,1054000000.0,,,,-12000000.0,,,1237000000.0,,0.0,-851000000.0,10000000.0,,
2022-12-31,33810000.0,0.21,7013000000.0,161000000.0,161000000.0,1783000000.0,4802000000.0,24102000000.0,7174000000.0,2372000000.0,-1054000000.0,1216000000.0,162000000.0,1655810000.0,1640000000.0,52375000000.0,,912300000.0,902700000.0,1.8,1.82,1639000000.0,1639000000.0,,1640000000.0,1640000000.0,1783000000.0,-626000000.0,1156000000.0,-5944000000.0,-6105000000.0,21000000.0,,,-1054000000.0,1216000000.0,162000000.0,8154000000.0,24533000000.0,1062000000.0,1062000000.0,1062000000.0,1062000000.0,6567000000.0,17483000000.0,32687000000.0,27842000000.0,60530000000.0,60530000000.0,21000000.0,,140000000.0,16153000000.0,15537000000.0,616000000.0,,,,-143000000.0,,,1330000000.0,,0.0,-643000000.0,64000000.0,,
2021-12-31,3383915.650196,0.025636,12277000000.0,132000000.0,132000000.0,4712000000.0,6417000000.0,25865000000.0,12409000000.0,5992000000.0,-1103000000.0,1155000000.0,52000000.0,4583383915.650196,5742000000.0,50486000000.0,,904600000.0,896000000.0,6.35,6.41,5743000000.0,5743000000.0,,5742000000.0,5742000000.0,4712000000.0,124000000.0,4837000000.0,-925000000.0,-1057000000.0,35000000.0,,,-1103000000.0,1155000000.0,52000000.0,6865000000.0,24621000000.0,1116000000.0,1116000000.0,1116000000.0,1116000000.0,6488000000.0,18745000000.0,31486000000.0,25865000000.0,57351000000.0,57351000000.0,35000000.0,,132000000.0,16286000000.0,15550000000.0,736000000.0,,,,1030000000.0,,,1413000000.0,,0.0,-612000000.0,-71000000.0,,
2020-12-31,0.0,0.27,10555000000.0,-100000000.0,-100000000.0,3932000000.0,6695000000.0,24314000000.0,10555000000.0,3860000000.0,-1288000000.0,1288000000.0,105000000.0,3932000000.0,5590000000.0,50517000000.0,,896600000.0,890300000.0,6.23,6.28,5590000000.0,5590000000.0,,5590000000.0,5590000000.0,3932000000.0,-1360000000.0,2572000000.0,-802000000.0,-802000000.0,-109000000.0,,,-1288000000.0,1288000000.0,105000000.0,4662000000.0,26203000000.0,1123000000.0,1123000000.0,1123000000.0,1123000000.0,6262000000.0,20561000000.0,30865000000.0,24314000000.0,55179000000.0,55179000000.0,41000000.0,109000000.0,9000000.0,20308000000.0,16800000000.0,3508000000.0,,,,1658000000.0,,,1542000000.0,,-2000000.0,-620000000.0,83000000.0,,
2023-12-31,-20502000.0,0.201,2853000000.0,-102000000.0,-102000000.0,1709000000.0,356000000.0,4829000000.0,2751000000.0,2395000000.0,-216000000.0,249000000.0,33000000.0,1790498000.0,1709000000.0,7619000000.0,2294000000.0,172100000.0,167000000.0,9.93,10.23,1709000000.0,1709000000.0,,1709000000.0,1714000000.0,1714000000.0,432000000.0,2146000000.0,3000000.0,105000000.0,-82000000.0,4000000.0,29000000.0,-216000000.0,249000000.0,33000000.0,2359000000.0,2611000000.0,177000000.0,177000000.0,177000000.0,177000000.0,858000000.0,1561000000.0,4970000000.0,5008000000.0,9978000000.0,9978000000.0,,16000000.0,-20000000.0,1561000000.0,1561000000.0,-99000000.0,,-5000000.0,0.0,,-24000000.0,,,,,15000000.0,,9000000.0,
2022-12-31,-14014000.0,0.098,2338000000.0,-143000000.0,-143000000.0,1363000000.0,440000000.0,4700000000.0,2195000000.0,1755000000.0,-226000000.0,240000000.0,14000000.0,1491986000.0,1363000000.0,7369000000.0,1661000000.0,171900000.0,167500000.0,7.93,8.14,1363000000.0,1363000000.0,,1363000000.0,1367000000.0,1367000000.0,148000000.0,1515000000.0,-2000000.0,123000000.0,-92000000.0,14000000.0,41000000.0,-226000000.0,240000000.0,14000000.0,1743000000.0,2486000000.0,257000000.0,257000000.0,257000000.0,257000000.0,779000000.0,1450000000.0,4229000000.0,4883000000.0,9112000000.0,9112000000.0,0.0,1000000.0,-51000000.0,1450000000.0,1450000000.0,-123000000.0,,-4000000.0,18000000.0,,0.0,,,,,,,36000000.0,
2021-12-31,-17550000.0,0.195,2295000000.0,-90000000.0,-90000000.0,1245000000.0,438000000.0,3929000000.0,2205000000.0,1767000000.0,-208000000.0,215000000.0,7000000.0,1317450000.0,1245000000.0,6454000000.0,1667000000.0,173600000.0,169200000.0,7.17,7.36,1245000000.0,1245000000.0,,1245000000.0,1250000000.0,1250000000.0,302000000.0,1552000000.0,43000000.0,128000000.0,-70000000.0,21000000.0,39000000.0,-208000000.0,215000000.0,7000000.0,1717000000.0,2323000000.0,236000000.0,236000000.0,236000000.0,236000000.0,734000000.0,1353000000.0,4040000000.0,4131000000.0,8171000000.0,8171000000.0,0.0,0.0,-20000000.0,1353000000.0,1353000000.0,-123000000.0,,-5000000.0,5000000.0,,0.0,,,,,,,10000000.0,
2020-12-31,-19740000.0,0.188,1921000000.0,-105000000.0,-105000000.0,949000000.0,409000000.0,3612000000.0,1816000000.0,1407000000.0,-220000000.0,233000000.0,13000000.0,1034260000.0,949000000.0,6000000000.0,1383000000.0,174100000.0,170000000.0,5.45,5.58,949000000.0,949000000.0,,949000000.0,953000000.0,953000000.0,221000000.0,1174000000.0,-20000000.0,82000000.0,-90000000.0,65000000.0,66000000.0,-220000000.0,233000000.0,13000000.0,1414000000.0,2194000000.0,215000000.0,215000000.0,215000000.0,215000000.0,686000000.0,1293000000.0,3608000000.0,3806000000.0,7414000000.0,7414000000.0,50000000.0,9000000.0,-15000000.0,1293000000.0,1293000000.0,-81000000.0,,-4000000.0,3000000.0,,,,,,,,,0.0,
2023-12-31,0.0,0.122,9009000000.0,0.0,0.0,6510000000.0,1238000000.0,6500000000.0,9009000000.0,7771000000.0,-353000000.0,353000000.0,,6510000000.0,6510000000.0,10188000000.0,7331000000.0,916000000.0,908000000.0,7.07,7.169604,6477000000.0,6476000000.0,34000000.0,6510000000.0,6510000000.0,6510000000.0,908000000.0,7418000000.0,440000000.0,440000000.0,0.0,,0.0,-353000000.0,353000000.0,,7331000000.0,3688000000.0,,,,,1863000000.0,1825000000.0,11019000000.0,6500000000.0,17519000000.0,17519000000.0,0.0,,,,,,,,,,,,,,1000000.0,,,,
2022-12-31,-32896000.0,0.128,11482000000.0,-257000000.0,-257000000.0,8749000000.0,979000000.0,6257000000.0,11225000000.0,10246000000.0,-214000000.0,214000000.0,,8973104000.0,8749000000.0,9631000000.0,10140000000.0,926000000.0,916000000.0,9.41,9.55131,8710000000.0,8709000000.0,40000000.0,8749000000.0,8749000000.0,8749000000.0,1283000000.0,10032000000.0,-151000000.0,106000000.0,-257000000.0,,257000000.0,-214000000.0,214000000.0,,10397000000.0,3374000000.0,,,,,1670000000.0,1704000000.0,13771000000.0,6257000000.0,20028000000.0,20028000000.0,0.0,,,,,,,,,,,,,,1000000.0,,,,
2021-12-31,-25284000.0,0.129,10253000000.0,-196000000.0,-196000000.0,7769000000.0,954000000.0,5968000000.0,10057000000.0,9103000000.0,-184000000.0,184000000.0,,7939716000.0,7769000000.0,9188000000.0,8960000000.0,936000000.0,923000000.0,8.26,8.417118,7736000000.0,7736000000.0,33000000.0,7769000000.0,7769000000.0,7769000000.0,1150000000.0,8919000000.0,-53000000.0,143000000.0,-196000000.0,,246000000.0,-184000000.0,184000000.0,,9156000000.0,3220000000.0,,,,,1554000000.0,1666000000.0,12376000000.0,5968000000.0,18344000000.0,18344000000.0,50000000.0,,,,,,,,,,,,,,0.0,,,,
2020-12-31,-15540000.0,0.07,7421000000.0,-222000000.0,-222000000.0,5595000000.0,992000000.0,5192000000.0,7199000000.0,6207000000.0,-190000000.0,190000000.0,,5801460000.0,5595000000.0,8345000000.0,5894000000.0,933000000.0,921000000.0,5.97,6.074919,5568000000.0,5568000000.0,27000000.0,5595000000.0,5595000000.0,5595000000.0,422000000.0,6017000000.0,91000000.0,313000000.0,-222000000.0,,223000000.0,-190000000.0,190000000.0,,6116000000.0,3153000000.0,,,,,1530000000.0,1623000000.0,9269000000.0,5192000000.0,14461000000.0,14461000000.0,1000000.0,,,,,,,,,,,,,,0.0,,,,
2023-12-31,-20655000.0,0.045,11538000000.0,-459000000.0,-459000000.0,5995000000.0,3406000000.0,25757000000.0,11079000000.0,7673000000.0,-496000000.0,1375000000.0,879000000.0,6433345000.0,5995000000.0,35539000000.0,6859000000.0,388000000.0,386000000.0,15.45,15.52,5995000000.0,5995000000.0,,5995000000.0,5955000000.0,5955000000.0,284000000.0,6298000000.0,-524000000.0,-65000000.0,-459000000.0,,459000000.0,-496000000.0,1375000000.0,879000000.0,7318000000.0,9782000000.0,,,,,1337000000.0,8445000000.0,17100000000.0,25757000000.0,42857000000.0,42857000000.0,,,,,,,,40000000.0,,,,,,,,,,,-59000000.0
2022-12-31,-10260000.0,0.09,12056000000.0,-114000000.0,-114000000.0,6950000000.0,3381000000.0,25944000000.0,11942000000.0,8561000000.0,-454000000.0,726000000.0,272000000.0,7053740000.0,6950000000.0,36408000000.0,8393000000.0,394000000.0,392000000.0,17.63,17.75,6950000000.0,6950000000.0,,6950000000.0,6960000000.0,6960000000.0,703000000.0,7835000000.0,-218000000.0,-104000000.0,-114000000.0,,114000000.0,-454000000.0,726000000.0,272000000.0,8507000000.0,10464000000.0,,,,,1471000000.0,8993000000.0,18971000000.0,25944000000.0,44915000000.0,44915000000.0,,,,,,,,-10000000.0,,,,,,,,,,,-172000000.0
2021-12-31,-24625000.0,0.125,12166000000.0,-197000000.0,-197000000.0,7725000000.0,2592000000.0,19573000000.0,11969000000.0,9377000000.0,-493000000.0,536000000.0,43000000.0,7897375000.0,7725000000.0,28986000000.0,10028000000.0,397000000.0,394000000.0,19.46,19.62,7725000000.0,7725000000.0,,7725000000.0,7728000000.0,7728000000.0,1109000000.0,8841000000.0,-891000000.0,-694000000.0,-197000000.0,,197000000.0,-493000000.0,536000000.0,43000000.0,10225000000.0,9413000000.0,,,,,1406000000.0,8007000000.0,19638000000.0,19573000000.0,39211000000.0,39211000000.0,,,,,,,,-3000000.0,,,,,,,,,,,-4000000.0
2020-12-31,-11682000.0,0.118,10207000000.0,-99000000.0,-99000000.0,6375000000.0,2325000000.0,16214000000.0,10108000000.0,7783000000.0,-488000000.0,553000000.0,65000000.0,6462318000.0,6375000000.0,24325000000.0,7794000000.0,399000000.0,396000000.0,15.96,16.09,6375000000.0,6375000000.0,,6375000000.0,6377000000.0,6377000000.0,850000000.0,7230000000.0,-175000000.0,-76000000.0,-99000000.0,,99000000.0,-488000000.0,553000000.0,65000000.0,7893000000.0,8111000000.0,,,,,1181000000.0,6930000000.0,16004000000.0,16214000000.0,32218000000.0,32218000000.0,,,,,,,,-2000000.0,,,,,,,,,,,-3000000.0
2024-06-30,-110670000.0,0.21,851000000.0,-527000000.0,-527000000.0,-798000000.0,568000000.0,10058000000.0,324000000.0,-244000000.0,-378000000.0,417000000.0,39000000.0,-381670000.0,-798000000.0,12793000000.0,-317000000.0,326000000.0,326000000.0,-1.72,-1.72,-852000000.0,-852000000.0,,-798000000.0,-798000000.0,-798000000.0,137000000.0,-661000000.0,-493000000.0,34000000.0,-527000000.0,291000000.0,175000000.0,-378000000.0,417000000.0,39000000.0,210000000.0,2735000000.0,,,,,1907000000.0,828000000.0,2945000000.0,10058000000.0,13003000000.0,13003000000.0,85000000.0,146000000.0,,,,,54000000.0,,,,,,,,,,,,
2023-06-30,-40530000.0,0.21,-217000000.0,-193000000.0,-193000000.0,-1684000000.0,828000000.0,10431000000.0,-410000000.0,-1238000000.0,-288000000.0,312000000.0,24000000.0,-1531530000.0,-1684000000.0,13410000000.0,-1285000000.0,318000000.0,318000000.0,-5.44,-5.44,-1708000000.0,-1708000000.0,,-1684000000.0,-1684000000.0,-1684000000.0,134000000.0,-1550000000.0,-170000000.0,23000000.0,-193000000.0,,181000000.0,-288000000.0,312000000.0,24000000.0,-1092000000.0,2979000000.0,,,,,2009000000.0,970000000.0,1887000000.0,10431000000.0,12318000000.0,12318000000.0,8000000.0,20000000.0,,,,,24000000.0,,,,,,,,,,,,
2022-06-30,-12470000.0,0.29,3447000000.0,-43000000.0,-43000000.0,1546000000.0,929000000.0,12919000000.0,3404000000.0,2475000000.0,-298000000.0,304000000.0,6000000.0,1576530000.0,1546000000.0,16359000000.0,2391000000.0,316000000.0,312000000.0,4.75,4.81,1546000000.0,1546000000.0,,1546000000.0,1546000000.0,1546000000.0,625000000.0,2171000000.0,35000000.0,78000000.0,-43000000.0,,50000000.0,-298000000.0,304000000.0,6000000.0,2434000000.0,3440000000.0,,,,,2323000000.0,1117000000.0,5874000000.0,12919000000.0,18793000000.0,18793000000.0,7000000.0,0.0,,,,,,,,,,,,,,,,,
2021-06-30,5170000.0,0.11,2418000000.0,47000000.0,47000000.0,821000000.0,1212000000.0,12401000000.0,2465000000.0,1253000000.0,-319000000.0,326000000.0,7000000.0,779170000.0,821000000.0,15749000000.0,1220000000.0,309000000.0,305000000.0,2.66,2.69,821000000.0,821000000.0,,821000000.0,821000000.0,821000000.0,106000000.0,927000000.0,73000000.0,26000000.0,47000000.0,,28000000.0,-319000000.0,326000000.0,7000000.0,1173000000.0,3348000000.0,,,,,2243000000.0,1105000000.0,4521000000.0,12401000000.0,16922000000.0,16922000000.0,,-75000000.0,,,,,,,,,,,,,,,,,
2020-06-30,,,,,,,,,,,,,,,,,,,,,,,,,,,,,,,,,,,,,,,,,,,,,,,,,,17000000.0,,,,,,,,,,,,,,,,,,
2024-09-30,8803200.0,0.393,301500000.0,22400000.0,22400000.0,99300000.0,101800000.0,1854600000.0,323900000.0,222100000.0,-1000000.0,58500000.0,57500000.0,85703200.0,124800000.0,2813100000.0,170600000.0,30500000.0,30300000.0,4.1,4.12,124800000.0,124800000.0,,124800000.0,124800000.0,99300000.0,64300000.0,163600000.0,13800000.0,-8600000.0,22400000.0,-67600000.0,0.0,-1000000.0,58500000.0,57500000.0,150800000.0,958500000.0,,,,,,958500000.0,1109300000.0,1854600000.0,2963900000.0,2963900000.0,,,,,,,,0.0,,25500000.0,,,,,,,,45200000.0,
2023-09-30,-45493500.0,0.195,150400000.0,-233300000.0,-233300000.0,-234100000.0,91200000.0,1994500000.0,-82900000.0,-174100000.0,-77800000.0,116100000.0,38300000.0,-46293500.0,1801500000.0,2894100000.0,-205600000.0,39500000.0,39500000.0,45.65,45.65,1801500000.0,1801500000.0,,1801500000.0,1801900000.0,-233700000.0,-56500000.0,-290200000.0,-237100000.0,-3800000.0,-233300000.0,3000000.0,-1500000.0,-77800000.0,116100000.0,38300000.0,24700000.0,899600000.0,,,,,22500000.0,899600000.0,924300000.0,1994500000.0,2918800000.0,2918800000.0,,,,332400000.0,332400000.0,,,-400000.0,,2035600000.0,,,544700000.0,,,,,231800000.0,
2022-09-30,4197674.418605,0.147287,79900000.0,28500000.0,28500000.0,-78100000.0,99300000.0,2142100000.0,108400000.0,9100000.0,-98800000.0,99400000.0,600000.0,-102402325.581395,71600000.0,3137800000.0,23200000.0,40900000.0,40900000.0,1.75,1.75,71600000.0,71600000.0,,71600000.0,72700000.0,-77000000.0,-13300000.0,-90300000.0,13800000.0,-14700000.0,28500000.0,,-28500000.0,-98800000.0,99400000.0,600000.0,-5300000.0,995700000.0,,,,,26700000.0,995700000.0,990400000.0,2142100000.0,3132500000.0,3132500000.0,,,,371400000.0,371400000.0,,,-1100000.0,,149700000.0,0.0,,597600000.0,,,,,0.0,
2021-09-30,0.0,0.27,222400000.0,0.0,0.0,15300000.0,117000000.0,1963500000.0,222400000.0,105400000.0,-115400000.0,116500000.0,1100000.0,15300000.0,189600000.0,2901000000.0,97100000.0,43200000.0,42700000.0,4.39,4.44,189600000.0,189600000.0,,189600000.0,189600000.0,15300000.0,-26400000.0,-11100000.0,7200000.0,7200000.0,0.0,16200000.0,0.0,-115400000.0,116500000.0,1100000.0,97100000.0,937500000.0,,,,,29800000.0,907700000.0,1034600000.0,1963500000.0,2998100000.0,2998100000.0,,,,389200000.0,389200000.0,,,0.0,,174300000.0,-18200000.0,,518500000.0,,,,,0.0,
2020-09-30,,,,,,,,,,,,,,,,,,,,,,,,,,,,,,,,,-76200000.0,,,,,,,,,,,29200000.0,,,,,,-26800000.0,,,360500000.0,360500000.0,,,,,,-26800000.0,,428800000.0,,,26800000.0,,,
2023-12-31,-42217000.0,0.163,7755000000.0,-259000000.0,-259000000.0,4221000000.0,2166000000.0,9856000000.0,7496000000.0,5330000000.0,17000000.0,286000000.0,303000000.0,4437783000.0,4764000000.0,18611000000.0,5202000000.0,743100000.0,736500000.0,6.38,6.44,4743000000.0,4743000000.0,,4764000000.0,4764000000.0,4221000000.0,823000000.0,5044000000.0,-252000000.0,7000000.0,-108000000.0,,,17000000.0,286000000.0,303000000.0,5279000000.0,8755000000.0,,,,,1503000000.0,7252000000.0,14034000000.0,9856000000.0,23890000000.0,23890000000.0,,108000000.0,-151000000.0,,,,21000000.0,,,543000000.0,0.0,,,,,,,,
2022-12-31,-30894000.0,0.114,9753000000.0,-271000000.0,-271000000.0,6328000000.0,2132000000.0,10455000000.0,9482000000.0,7350000000.0,-163000000.0,204000000.0,41000000.0,6568106000.0,7209000000.0,19107000000.0,7536000000.0,737100000.0,725100000.0,9.66,9.8,7103000000.0,7103000000.0,,7209000000.0,7209000000.0,6328000000.0,818000000.0,7146000000.0,-227000000.0,44000000.0,-91000000.0,,,-163000000.0,204000000.0,41000000.0,7536000000.0,8652000000.0,,,,,1528000000.0,7124000000.0,16188000000.0,10455000000.0,26643000000.0,26643000000.0,,91000000.0,-180000000.0,,,,106000000.0,,,881000000.0,0.0,,,,,,,,
2021-12-31,48900000.0,0.163,8504000000.0,300000000.0,300000000.0,5447000000.0,2062000000.0,9563000000.0,8804000000.0,6742000000.0,-220000000.0,231000000.0,11000000.0,5195900000.0,6433000000.0,18415000000.0,6377000000.0,736800000.0,714600000.0,8.61,8.77,6269000000.0,6269000000.0,,6433000000.0,6433000000.0,5447000000.0,1064000000.0,6511000000.0,344000000.0,44000000.0,-101000000.0,96000000.0,,-220000000.0,231000000.0,11000000.0,6387000000.0,8852000000.0,,,,,1498000000.0,6807000000.0,15239000000.0,9563000000.0,24802000000.0,24802000000.0,,10000000.0,401000000.0,,,,164000000.0,,,986000000.0,5000000.0,,,,,547000000.0,,,
2020-12-31,84483000.0,0.189,6098000000.0,447000000.0,447000000.0,3646000000.0,1775000000.0,9809000000.0,6545000000.0,4770000000.0,-204000000.0,275000000.0,71000000.0,3283483000.0,3646000000.0,18053000000.0,4231000000.0,718700000.0,706200000.0,4.89,4.97,3510000000.0,3510000000.0,,3646000000.0,3646000000.0,3646000000.0,849000000.0,4495000000.0,468000000.0,21000000.0,429000000.0,26000000.0,,-204000000.0,275000000.0,71000000.0,4231000000.0,8244000000.0,,,,,1348000000.0,6896000000.0,12475000000.0,9809000000.0,22284000000.0,22284000000.0,,,18000000.0,,,,136000000.0,,,0.0,455000000.0,,,,1000000.0,,,,
2024-09-30,0.0,0.241,134661000000.0,,,93736000000.0,11445000000.0,210352000000.0,134661000000.0,123216000000.0,,,,93736000000.0,93736000000.0,267819000000.0,123216000000.0,15408095000.0,15343783000.0,6.08,6.11,93736000000.0,93736000000.0,,93736000000.0,93736000000.0,93736000000.0,29749000000.0,123485000000.0,269000000.0,269000000.0,,,,,,,123216000000.0,57467000000.0,,,,,31370000000.0,26097000000.0,180683000000.0,210352000000.0,391035000000.0,391035000000.0,,,,,,,,,,,,,,,,,,,
2023-09-30,0.0,0.147,125820000000.0,,,96995000000.0,11519000000.0,214137000000.0,125820000000.0,114301000000.0,-183000000.0,3933000000.0,3750000000.0,96995000000.0,96995000000.0,268984000000.0,114301000000.0,15812547000.0,15744231000.0,6.13,6.16,96995000000.0,96995000000.0,,96995000000.0,96995000000.0,96995000000.0,16741000000.0,113736000000.0,-565000000.0,-565000000.0,,,,-183000000.0,3933000000.0,3750000000.0,114301000000.0,54847000000.0,,,,,29915000000.0,24932000000.0,169148000000.0,214137000000.0,383285000000.0,383285000000.0,,,,,,,,,,,,,,,,,,,
2022-09-30,0.0,0.162,130541000000.0,,,99803000000.0,11104000000.0,223546000000.0,130541000000.0,119437000000.0,-106000000.0,2931000000.0,2825000000.0,99803000000.0,99803000000.0,274891000000.0,119437000000.0,16325819000.0,16215963000.0,6.11,6.15,99803000000.0,99803000000.0,,99803000000.0,99803000000.0,99803000000.0,19300000000.0,119103000000.0,-334000000.0,-334000000.0,,,,-106000000.0,2931000000.0,2825000000.0,119437000000.0,51345000000.0,,,,,26251000000.0,25094000000.0,170782000000.0,223546000000.0,394328000000.0,394328000000.0,,,,,,,,,,,,,,,,,,,
2021-09-30,0.0,0.133,123136000000.0,,,94680000000.0,11284000000.0,212981000000.0,123136000000.0,111852000000.0,198000000.0,2645000000.0,2843000000.0,94680000000.0,94680000000.0,256868000000.0,108949000000.0,16864919000.0,16701272000.0,5.61,5.67,94680000000.0,94680000000.0,,94680000000.0,94680000000.0,94680000000.0,14527000000.0,109207000000.0,60000000.0,60000000.0,,,,198000000.0,2645000000.0,2843000000.0,108949000000.0,43887000000.0,,,,,21914000000.0,21973000000.0,152836000000.0,212981000000.0,365817000000.0,365817000000.0,,,,,,,,,,,,,,,,,,,
2020-09-30,,,,,,,,,,,890000000.0,2873000000.0,3763000000.0,,,,,,,,,,,,,,,,,,,,,,890000000.0,2873000000.0,3763000000.0,,,,,,,,,,,,,,,,,,,,,,,,,,,,,,,
2024-08-31,21112000.0,0.364,9524000000.0,58000000.0,58000000.0,778000000.0,7780000000.0,19498000000.0,9582000000.0,1802000000.0,-33000000.0,562000000.0,529000000.0,741112000.0,778000000.0,23865000000.0,1304000000.0,1118000000.0,1105000000.0,0.7,0.7,778000000.0,778000000.0,,778000000.0,778000000.0,778000000.0,451000000.0,1240000000.0,27000000.0,-31000000.0,58000000.0,,1000000.0,-33000000.0,562000000.0,529000000.0,1246000000.0,4367000000.0,,,,,3430000000.0,1129000000.0,5613000000.0,19498000000.0,25111000000.0,25111000000.0,59000000.0,0.0,,,,,,,,,,,,,,-192000000.0,,0.0,-11000000.0
2023-08-31,-61740000.0,0.21,2780000000.0,-294000000.0,-294000000.0,-5833000000.0,7756000000.0,16956000000.0,2486000000.0,-5270000000.0,80000000.0,388000000.0,468000000.0,-5600740000.0,-5833000000.0,20999000000.0,-5745000000.0,1093000000.0,1093000000.0,-5.34,-5.34,-5833000000.0,-5833000000.0,,-5833000000.0,-5833000000.0,-5833000000.0,177000000.0,-5658000000.0,-279000000.0,15000000.0,-286000000.0,68000000.0,157000000.0,80000000.0,388000000.0,468000000.0,-5459000000.0,4043000000.0,,,,,3114000000.0,920000000.0,-1416000000.0,16956000000.0,15540000000.0,15540000000.0,54000000.0,14000000.0,-8000000.0,,,,,,,,,,,,,9000000.0,,101000000.0,2000000.0
2022-08-31,-5952000.0,0.093,16940000000.0,-64000000.0,-64000000.0,8687000000.0,7116000000.0,16860000000.0,16876000000.0,9760000000.0,-93000000.0,189000000.0,96000000.0,8745048000.0,8687000000.0,21049000000.0,9702000000.0,1122000000.0,1112000000.0,7.75,7.81,8687000000.0,8687000000.0,,8687000000.0,8687000000.0,8687000000.0,888000000.0,9571000000.0,-45000000.0,19000000.0,-90000000.0,83000000.0,-15000000.0,-93000000.0,189000000.0,96000000.0,9709000000.0,4189000000.0,,,,,3116000000.0,1066000000.0,13898000000.0,16860000000.0,30758000000.0,30758000000.0,41000000.0,63000000.0,26000000.0,,,,,0.0,,,,,,,0.0,7000000.0,,0.0,4000000.0
2021-08-31,-24129000.0,0.063,12998000000.0,-383000000.0,-383000000.0,5861000000.0,6214000000.0,17282000000.0,12615000000.0,6401000000.0,-146000000.0,183000000.0,37000000.0,6219871000.0,5861000000.0,20958000000.0,6283000000.0,1141000000.0,1120000000.0,5.14,5.23,5861000000.0,5861000000.0,,5861000000.0,5861000000.0,5861000000.0,394000000.0,6218000000.0,-383000000.0,,-465000000.0,1000000.0,10000000.0,-146000000.0,183000000.0,37000000.0,6747000000.0,3676000000.0,,,,,2663000000.0,894000000.0,10423000000.0,17282000000.0,27705000000.0,27705000000.0,24000000.0,478000000.0,82000000.0,,,,,0.0,,,,,,,0.0,119000000.0,,0.0,37000000.0
2020-08-31,,,,,,,,,,,,,,,,,,,,,,,,,,,,,,,-2000000.0,,-40000000.0,,,,,,,,,,,,,,,,,,,22000000.0,,,,,-23000000.0,,,,,,,-4000000.0,,,,
2023-12-31,-2496000.0,0.208,9112000000.0,-12000000.0,-12000000.0,5658000000.0,1176000000.0,22995000000.0,9100000000.0,7924000000.0,-444000000.0,765000000.0,321000000.0,5667504000.0,5658000000.0,29108000000.0,,668200000.0,663000000.0,8.47,8.53,5658000000.0,5658000000.0,,5658000000.0,5672000000.0,5672000000.0,1487000000.0,7159000000.0,49000000.0,-39000000.0,-3000000.0,-3000000.0,11000000.0,-444000000.0,765000000.0,321000000.0,7554000000.0,6113000000.0,,,,,1456000000.0,4657000000.0,13667000000.0,22995000000.0,36662000000.0,36662000000.0,,,-9000000.0,4657000000.0,5127000000.0,-470000000.0,,-14000000.0,100000000.0,,5000000.0,,,,,,,,
2022-12-31,-101218000.0,0.221,8455000000.0,-458000000.0,-458000000.0,4966000000.0,1204000000.0,22347000000.0,7997000000.0,6793000000.0,-276000000.0,414000000.0,138000000.0,5322782000.0,4966000000.0,28396000000.0,,683100000.0,677100000.0,7.27,7.33,4966000000.0,4966000000.0,,4966000000.0,4967000000.0,4967000000.0,1412000000.0,6379000000.0,-415000000.0,-18000000.0,-410000000.0,90000000.0,342000000.0,-276000000.0,414000000.0,138000000.0,7070000000.0,6049000000.0,,,,,1478000000.0,4571000000.0,13119000000.0,22347000000.0,35466000000.0,35466000000.0,,,-48000000.0,4571000000.0,5214000000.0,-643000000.0,,-1000000.0,61000000.0,,22000000.0,,,,,,,,
2021-12-31,-18675000.0,0.225,8884000000.0,-83000000.0,-83000000.0,5542000000.0,1223000000.0,22061000000.0,8801000000.0,7578000000.0,-241000000.0,343000000.0,102000000.0,5606325000.0,5542000000.0,26919000000.0,,700400000.0,692300000.0,7.91,8.01,5542000000.0,5542000000.0,,5542000000.0,5610000000.0,5610000000.0,1625000000.0,7235000000.0,3000000.0,19000000.0,-58000000.0,160000000.0,0.0,-241000000.0,343000000.0,102000000.0,7473000000.0,4858000000.0,,,,,1333000000.0,3525000000.0,12331000000.0,22061000000.0,34392000000.0,34392000000.0,,,-25000000.0,3525000000.0,4798000000.0,-1273000000.0,,-68000000.0,67000000.0,,102000000.0,,,,,,,,
2020-12-31,-84804000.0,0.191,7817000000.0,-444000000.0,-444000000.0,4779000000.0,1002000000.0,22169000000.0,7373000000.0,6371000000.0,-252000000.0,359000000.0,107000000.0,5138196000.0,4779000000.0,25983000000.0,,711200000.0,704100000.0,6.72,6.79,4779000000.0,4779000000.0,,4779000000.0,4865000000.0,4865000000.0,1147000000.0,6012000000.0,-390000000.0,-12000000.0,-512000000.0,509000000.0,0.0,-252000000.0,359000000.0,107000000.0,6654000000.0,3814000000.0,,,,,,3814000000.0,10468000000.0,22169000000.0,32637000000.0,32637000000.0,,,68000000.0,3814000000.0,4772000000.0,-958000000.0,,-86000000.0,66000000.0,,-3000000.0,,,,,,,,
2024-06-30,-99918000.0,0.182,133558000000.0,-549000000.0,-549000000.0,88136000000.0,22287000000.0,74114000000.0,133009000000.0,110722000000.0,222000000.0,2935000000.0,3157000000.0,88585082000.0,88136000000.0,135689000000.0,109433000000.0,7469000000.0,7431000000.0,11.8,11.86,88136000000.0,88136000000.0,,88136000000.0,88136000000.0,88136000000.0,19651000000.0,107787000000.0,-1868000000.0,-1319000000.0,-206000000.0,,,222000000.0,2935000000.0,3157000000.0,109433000000.0,61575000000.0,,,,,29510000000.0,32065000000.0,171008000000.0,74114000000.0,245122000000.0,245122000000.0,,206000000.0,-343000000.0,7609000000.0,7609000000.0,,,,,,,,24456000000.0,,,,,,
2023-06-30,-2850000.0,0.19,105155000000.0,-15000000.0,-15000000.0,72361000000.0,13861000000.0,65863000000.0,105140000000.0,91279000000.0,1026000000.0,1968000000.0,2994000000.0,72373150000.0,72361000000.0,123392000000.0,88523000000.0,7472000000.0,7446000000.0,9.68,9.72,72361000000.0,72361000000.0,,72361000000.0,72361000000.0,72361000000.0,16950000000.0,89311000000.0,-238000000.0,-223000000.0,-30000000.0,,,1026000000.0,1968000000.0,2994000000.0,88523000000.0,57529000000.0,,,,,27195000000.0,30334000000.0,146052000000.0,65863000000.0,211915000000.0,211915000000.0,,30000000.0,15000000.0,7575000000.0,7575000000.0,,,,,,,,22759000000.0,,,,,,
2022-06-30,43754000.0,0.131,99905000000.0,334000000.0,334000000.0,72738000000.0,14460000000.0,62650000000.0,100239000000.0,85779000000.0,31000000.0,2063000000.0,2094000000.0,72447754000.0,72738000000.0,114887000000.0,83383000000.0,7540000000.0,7496000000.0,9.65,9.7,72738000000.0,72738000000.0,,72738000000.0,72738000000.0,72738000000.0,10978000000.0,83716000000.0,302000000.0,-32000000.0,-101000000.0,,,31000000.0,2063000000.0,2094000000.0,83383000000.0,52237000000.0,,,,,24512000000.0,27725000000.0,135620000000.0,62650000000.0,198270000000.0,198270000000.0,,101000000.0,435000000.0,5900000000.0,5900000000.0,,,,,,,,21825000000.0,,,,,,
2021-06-30,180160797.164637,0.138266,83831000000.0,1303000000.0,1303000000.0,61271000000.0,11686000000.0,52232000000.0,85134000000.0,73448000000.0,-215000000.0,2346000000.0,2131000000.0,60148160797.164635,61271000000.0,98172000000.0,69916000000.0,7608000000.0,7547000000.0,8.05,8.12,61271000000.0,61271000000.0,,61271000000.0,61271000000.0,61271000000.0,9831000000.0,71102000000.0,1401000000.0,98000000.0,-13000000.0,,,-215000000.0,2346000000.0,2131000000.0,69916000000.0,45940000000.0,,,,,20716000000.0,25224000000.0,115856000000.0,52232000000.0,168088000000.0,168088000000.0,,13000000.0,1316000000.0,5107000000.0,5107000000.0,,,,,,,,20117000000.0,,,,,,
2024-09-30,1780000.0,0.02,12650000000.0,89000000.0,89000000.0,10110000000.0,1706000000.0,17060000000.0,12739000000.0,11033000000.0,-22000000.0,697000000.0,675000000.0,10022780000.0,10142000000.0,28891000000.0,10071000000.0,1130000000.0,1116000000.0,8.97,9.09,10142000000.0,10142000000.0,,10142000000.0,10142000000.0,10110000000.0,226000000.0,10336000000.0,287000000.0,198000000.0,-79000000.0,,,-22000000.0,697000000.0,675000000.0,10071000000.0,11831000000.0,,,,,8893000000.0,2759000000.0,21902000000.0,17060000000.0,38962000000.0,38962000000.0,,79000000.0,168000000.0,,,,,,,32000000.0,,,,,,179000000.0,,,
2023-09-30,-500000.0,0.01,9996000000.0,-50000000.0,-50000000.0,7339000000.0,1809000000.0,15869000000.0,9946000000.0,8137000000.0,-381000000.0,694000000.0,313000000.0,7388500000.0,7232000000.0,28032000000.0,7788000000.0,1126000000.0,1117000000.0,6.42,6.47,7232000000.0,7232000000.0,,7232000000.0,7232000000.0,7339000000.0,104000000.0,7443000000.0,36000000.0,86000000.0,-132000000.0,,,-381000000.0,694000000.0,313000000.0,7788000000.0,12163000000.0,,,,,8818000000.0,2483000000.0,19951000000.0,15869000000.0,35820000000.0,35820000000.0,,132000000.0,82000000.0,,,,,,,-107000000.0,,,,,,862000000.0,,,
2022-09-30,-41860000.0,0.13,17572000000.0,-322000000.0,-322000000.0,12986000000.0,1762000000.0,18635000000.0,17250000000.0,15488000000.0,-399000000.0,490000000.0,91000000.0,13266140000.0,12936000000.0,28340000000.0,15860000000.0,1137000000.0,1123000000.0,11.37,11.52,12936000000.0,12936000000.0,,12936000000.0,12936000000.0,12986000000.0,2012000000.0,14998000000.0,-463000000.0,-141000000.0,-47000000.0,,,-399000000.0,490000000.0,91000000.0,15860000000.0,9705000000.0,,,,,8194000000.0,2570000000.0,25565000000.0,18635000000.0,44200000000.0,44200000000.0,,47000000.0,-275000000.0,,,,,,-7000000.0,-50000000.0,,,,,,-1059000000.0,,,
2021-09-30,99720000.0,0.12,11584000000.0,831000000.0,831000000.0,9043000000.0,1582000000.0,14262000000.0,12415000000.0,10833000000.0,-476000000.0,559000000.0,83000000.0,8311720000.0,9043000000.0,23777000000.0,9789000000.0,1149000000.0,1131000000.0,7.87,7.99,9043000000.0,9043000000.0,,9043000000.0,9043000000.0,9043000000.0,1231000000.0,10274000000.0,961000000.0,130000000.0,-33000000.0,,,-476000000.0,559000000.0,83000000.0,9789000000.0,9515000000.0,,,,,7176000000.0,2339000000.0,19304000000.0,14262000000.0,33566000000.0,33566000000.0,,33000000.0,864000000.0,,,,,,13000000.0,0.0,,,,,,,,,
2020-09-30,,,,,,,,,,,,,,,,,,,,,,,,,,,,,,,,,,,,,,,,,,,,,,,,,,,,,,,,,,-21000000.0,,,,,,,-28000000.0,,,
2024-07-31,-148980000.0,0.156,16702000000.0,-955000000.0,-955000000.0,10320000000.0,2507000000.0,17166000000.0,15747000000.0,13240000000.0,359000000.0,1006000000.0,1365000000.0,11126020000.0,10320000000.0,40833000000.0,12181000000.0,4062000000.0,4043000000.0,2.54,2.55,10320000000.0,10320000000.0,,10320000000.0,10320000000.0,10320000000.0,1914000000.0,12234000000.0,-1095000000.0,-140000000.0,-789000000.0,,789000000.0,359000000.0,1006000000.0,1365000000.0,12970000000.0,21858000000.0,698000000.0,698000000.0,698000000.0,698000000.0,7983000000.0,13177000000.0,34828000000.0,18975000000.0,53803000000.0,53803000000.0,,,-166000000.0,2813000000.0,2813000000.0,,,,,,,,10364000000.0,,,,,,
2023-07-31,-125316000.0,0.177,18179000000.0,-708000000.0,-708000000.0,12613000000.0,1726000000.0,19801000000.0,17471000000.0,15745000000.0,535000000.0,427000000.0,962000000.0,13195684000.0,12613000000.0,41436000000.0,15031000000.0,4105000000.0,4093000000.0,3.07,3.08,12613000000.0,12613000000.0,,12613000000.0,12613000000.0,12613000000.0,2705000000.0,15318000000.0,-779000000.0,-71000000.0,-531000000.0,,531000000.0,535000000.0,427000000.0,962000000.0,15562000000.0,20191000000.0,282000000.0,282000000.0,282000000.0,282000000.0,7551000000.0,12358000000.0,35753000000.0,21245000000.0,56998000000.0,56998000000.0,,,-177000000.0,2478000000.0,2478000000.0,,,,,,,,9880000000.0,,,,,,
2022-07-31,82984000.0,0.184,16343000000.0,451000000.0,451000000.0,11812000000.0,1957000000.0,17665000000.0,16794000000.0,14837000000.0,116000000.0,360000000.0,476000000.0,11443984000.0,11812000000.0,37582000000.0,13969000000.0,4192000000.0,4170000000.0,2.82,2.83,11812000000.0,11812000000.0,,11812000000.0,11812000000.0,11812000000.0,2665000000.0,14477000000.0,386000000.0,-65000000.0,-6000000.0,,6000000.0,116000000.0,360000000.0,476000000.0,13975000000.0,18273000000.0,313000000.0,313000000.0,313000000.0,313000000.0,6774000000.0,11186000000.0,32248000000.0,19309000000.0,51557000000.0,51557000000.0,,,457000000.0,2101000000.0,2101000000.0,,,,,,,,9085000000.0,,,,,,
2021-07-31,-112761000.0,0.201,16119000000.0,-561000000.0,-561000000.0,10591000000.0,1862000000.0,16277000000.0,15558000000.0,13696000000.0,184000000.0,434000000.0,618000000.0,11039239000.0,10591000000.0,36099000000.0,12833000000.0,4236000000.0,4222000000.0,2.5,2.51,10591000000.0,10591000000.0,,10591000000.0,10591000000.0,10591000000.0,2671000000.0,13262000000.0,-641000000.0,-80000000.0,-886000000.0,,886000000.0,184000000.0,434000000.0,618000000.0,13719000000.0,18175000000.0,215000000.0,215000000.0,215000000.0,215000000.0,6549000000.0,11411000000.0,31894000000.0,17924000000.0,49818000000.0,49818000000.0,,,325000000.0,2152000000.0,2152000000.0,,,,,,,,9259000000.0,,,,,,
2024-06-30,-1974000.0,0.21,108000000.0,-9400000.0,-9400000.0,-25800000.0,58700000.0,372100000.0,98600000.0,39900000.0,-12000000.0,28300000.0,18900000.0,-18374000.0,-25800000.0,966000000.0,20800000.0,222600000.0,222600000.0,-0.12,-0.12,-25800000.0,-25800000.0,,-25800000.0,-25800000.0,-25800000.0,37400000.0,11600000.0,-10800000.0,-1400000.0,-6300000.0,-7300000.0,13600000.0,-12000000.0,28300000.0,18900000.0,34400000.0,541500000.0,6300000.0,6300000.0,6300000.0,6300000.0,201900000.0,333300000.0,575900000.0,424500000.0,1000400000.0,1000400000.0,,,-3100000.0,,,,,,,,,,,2600000.0,,,,,
2023-06-30,-3465000.0,0.21,171300000.0,-16500000.0,-16500000.0,25500000.0,69500000.0,406500000.0,154800000.0,85300000.0,-16900000.0,24600000.0,10200000.0,38535000.0,25500000.0,1011600000.0,82400000.0,226600000.0,224700000.0,0.11,0.11,25500000.0,25500000.0,,25500000.0,25500000.0,25500000.0,35200000.0,60700000.0,-16900000.0,-400000.0,-14300000.0,2200000.0,12100000.0,-16900000.0,24600000.0,10200000.0,94500000.0,544300000.0,8700000.0,8700000.0,8700000.0,8700000.0,206900000.0,328700000.0,638800000.0,467300000.0,1106100000.0,1106100000.0,,,-2200000.0,328700000.0,290900000.0,37800000.0,,,,,,,,2500000.0,,,,,
2022-06-30,-21063000.0,0.21,261300000.0,-100300000.0,-100300000.0,15500000.0,75400000.0,453200000.0,161000000.0,85600000.0,-19900000.0,20500000.0,3400000.0,94737000.0,15500000.0,1107500000.0,185000000.0,238200000.0,230900000.0,0.07,0.07,15500000.0,15500000.0,,15500000.0,15500000.0,15500000.0,49600000.0,65100000.0,-99900000.0,400000.0,-101700000.0,101800000.0,-100000.0,-19900000.0,20500000.0,3400000.0,184900000.0,588600000.0,9700000.0,9700000.0,9700000.0,9700000.0,213200000.0,365700000.0,773500000.0,518900000.0,1292400000.0,1292400000.0,,,1400000.0,365700000.0,327200000.0,38500000.0,,,,,,,,2800000.0,,,,,
2021-06-30,432000.0,0.27,243900000.0,1600000.0,1600000.0,67500000.0,102300000.0,415500000.0,245500000.0,143200000.0,-11800000.0,12400000.0,2900000.0,66332000.0,67500000.0,1058300000.0,142200000.0,235900000.0,228700000.0,0.2,0.2,67500000.0,67500000.0,,67500000.0,67500000.0,67500000.0,63300000.0,130800000.0,2000000.0,400000.0,1600000.0,,-1600000.0,-11800000.0,12400000.0,2900000.0,140600000.0,573800000.0,33300000.0,33300000.0,33300000.0,33300000.0,203000000.0,337500000.0,714400000.0,484500000.0,1198900000.0,1198900000.0,,,,337500000.0,302900000.0,34600000.0,,,,0.0,,,,2300000.0,,,,,
2020-06-30,,,,,,,,,,,,,,,,,,,,,,,,,,,,,,,,,,,,,,,,,,,,,,,,,,,,2000000.0,,,,,,,0.0,,,,,,,,,
2023-12-31,0.0,0.16,1095900000.0,0.0,0.0,817600000.0,44100000.0,197300000.0,1095900000.0,1051800000.0,-29200000.0,75300000.0,46100000.0,817600000.0,817600000.0,492500000.0,1000600000.0,103500000.0,103400000.0,7.9,7.91,817600000.0,817600000.0,,817600000.0,817600000.0,817600000.0,158900000.0,976500000.0,5100000.0,5100000.0,0.0,,,-29200000.0,75300000.0,46100000.0,1000600000.0,295200000.0,,,,,91000000.0,204200000.0,1295800000.0,197300000.0,1493100000.0,1493100000.0,,,,,,,,,,,,,,,,,,,
2022-12-31,0.0,0.23,1002400000.0,0.0,0.0,673800000.0,46900000.0,200700000.0,1002400000.0,955500000.0,-60400000.0,75300000.0,14900000.0,673800000.0,673800000.0,481800000.0,943100000.0,108000000.0,107900000.0,6.24,6.24,673800000.0,673800000.0,,673800000.0,673800000.0,673800000.0,206400000.0,880200000.0,-2500000.0,-2500000.0,0.0,,,-60400000.0,75300000.0,14900000.0,943100000.0,281100000.0,,,,,85700000.0,195400000.0,1224200000.0,200700000.0,1424900000.0,1424900000.0,,,,,,,,,,,0.0,,,,,,,,
2021-12-31,-567000.0,0.27,915500000.0,-2100000.0,-2100000.0,784800000.0,47900000.0,191900000.0,913400000.0,865500000.0,-82700000.0,83300000.0,600000.0,786333000.0,784800000.0,460800000.0,866800000.0,112166000.0,112015000.0,7.0,7.01,784800000.0,784800000.0,,784800000.0,784800000.0,784800000.0,-2600000.0,782200000.0,-1900000.0,200000.0,-2100000.0,2100000.0,,-82700000.0,83300000.0,600000.0,866800000.0,268900000.0,,,,,80500000.0,188400000.0,1135700000.0,191900000.0,1327600000.0,1327600000.0,,,,148434000.0,148434000.0,,,,,,0.0,,39877000.0,,,,,,
2020-12-31,1728540.0,0.27,880338000.0,6402000.0,6402000.0,814888000.0,46352000.0,180177000.0,886740000.0,840388000.0,-82329000.0,90144000.0,7815000.0,810214540.0,814888000.0,440851000.0,824201000.0,115298000.0,115058000.0,7.07,7.08,814888000.0,814888000.0,,814888000.0,814888000.0,814888000.0,-64644000.0,750244000.0,8372000.0,1970000.0,6402000.0,,,-82329000.0,90144000.0,7815000.0,824201000.0,260674000.0,,,,,74671000.0,186003000.0,1084875000.0,180177000.0,1265052000.0,1265052000.0,,,,149213000.0,149213000.0,,,,,,6402000.0,,36790000.0,3081000.0,,,,,
2023-12-31,458075000.0,0.251,2548000000.0,1825000000.0,1825000000.0,2775000000.0,403000000.0,2451000000.0,4373000000.0,3970000000.0,-59000000.0,263000000.0,204000000.0,1408075000.0,2767000000.0,8171000000.0,1941000000.0,533000000.0,530000000.0,5.19,5.22,2767000000.0,2767000000.0,,2767000000.0,2767000000.0,2775000000.0,932000000.0,3707000000.0,1825000000.0,,,,,-59000000.0,263000000.0,204000000.0,1941000000.0,5338000000.0,21000000.0,21000000.0,21000000.0,21000000.0,1544000000.0,3413000000.0,7279000000.0,2833000000.0,10112000000.0,10112000000.0,,,1825000000.0,1196000000.0,1196000000.0,,,,,-8000000.0,,,2217000000.0,,,360000000.0,,,
2022-12-31,-772956000.0,0.204,2865000000.0,-3789000000.0,-3789000000.0,-1274000000.0,442000000.0,2242000000.0,-924000000.0,-1366000000.0,-162000000.0,235000000.0,73000000.0,1742044000.0,-1269000000.0,7445000000.0,2350000000.0,558000000.0,558000000.0,-2.27,-2.27,-1269000000.0,-1269000000.0,,-1269000000.0,-1269000000.0,-1274000000.0,-327000000.0,-1601000000.0,-3789000000.0,,,,,-162000000.0,235000000.0,73000000.0,2350000000.0,4765000000.0,4000000.0,4000000.0,4000000.0,4000000.0,1330000000.0,3099000000.0,7115000000.0,2680000000.0,9795000000.0,9795000000.0,,,-3789000000.0,963000000.0,963000000.0,,,,,5000000.0,,,2136000000.0,,,332000000.0,,,
2021-12-31,-832650000.0,0.366,3444000000.0,-2275000000.0,-2275000000.0,252000000.0,502000000.0,2157000000.0,1169000000.0,667000000.0,-250000000.0,269000000.0,19000000.0,1694350000.0,13608000000.0,7497000000.0,2923000000.0,663000000.0,652000000.0,20.54,20.87,13608000000.0,13608000000.0,,13608000000.0,13608000000.0,252000000.0,146000000.0,398000000.0,-2275000000.0,,,,,-250000000.0,269000000.0,19000000.0,2923000000.0,4847000000.0,9000000.0,9000000.0,9000000.0,9000000.0,1325000000.0,3091000000.0,7770000000.0,2650000000.0,10420000000.0,10420000000.0,,,-2275000000.0,921000000.0,921000000.0,,,,,13356000000.0,,,2170000000.0,,,422000000.0,,,
2020-12-31,249600000.0,0.256,3257000000.0,975000000.0,975000000.0,2487000000.0,583000000.0,1241000000.0,4232000000.0,3649000000.0,-266000000.0,304000000.0,38000000.0,1761600000.0,5667000000.0,6258000000.0,2636000000.0,718000000.0,710000000.0,7.89,7.98,5667000000.0,5667000000.0,,5667000000.0,5667000000.0,2487000000.0,858000000.0,3345000000.0,975000000.0,,,,,-266000000.0,304000000.0,38000000.0,2636000000.0,4461000000.0,27000000.0,27000000.0,27000000.0,27000000.0,1028000000.0,3076000000.0,7097000000.0,1797000000.0,8894000000.0,8894000000.0,,,975000000.0,985000000.0,985000000.0,,,,,3180000000.0,,,2091000000.0,,,330000000.0,,,
2023-12-31,-104422000.0,0.218,7522000000.0,-479000000.0,-479000000.0,4289000000.0,665000000.0,,7043000000.0,6378000000.0,123000000.0,897000000.0,1020000000.0,4663578000.0,4289000000.0,15530000000.0,5835000000.0,36530000.0,36140000.0,117.4,118.67,4289000000.0,4289000000.0,,4289000000.0,4289000000.0,4289000000.0,1192000000.0,5481000000.0,-477000000.0,2000000.0,0.0,,,123000000.0,897000000.0,1020000000.0,5835000000.0,15530000000.0,504000000.0,504000000.0,,,,14366000000.0,,,21365000000.0,21365000000.0,,,-479000000.0,4849000000.0,1555000000.0,3294000000.0,,,,,,,9517000000.0,,,660000000.0,,,
2022-12-31,-222326000.0,0.221,5927000000.0,-1006000000.0,-1006000000.0,3058000000.0,607000000.0,,4921000000.0,4314000000.0,-172000000.0,391000000.0,219000000.0,3841674000.0,3058000000.0,11988000000.0,5102000000.0,40052000.0,39872000.0,76.35,76.7,3058000000.0,3058000000.0,,3058000000.0,3058000000.0,3058000000.0,865000000.0,3923000000.0,-1007000000.0,-1000000.0,0.0,,-199000000.0,-172000000.0,391000000.0,219000000.0,5102000000.0,11988000000.0,451000000.0,451000000.0,,,,11210000000.0,,,17090000000.0,17090000000.0,,,-1006000000.0,3231000000.0,766000000.0,2465000000.0,,,,,,,7979000000.0,,,327000000.0,,0.0,
2021-12-31,-143500000.0,0.205,3098000000.0,-700000000.0,-700000000.0,1165000000.0,599000000.0,,2398000000.0,1799000000.0,-318000000.0,334000000.0,16000000.0,1721500000.0,1165000000.0,8462000000.0,2496000000.0,41362000.0,41042000.0,28.17,28.39,1165000000.0,1165000000.0,,1165000000.0,1165000000.0,1165000000.0,300000000.0,1465000000.0,-713000000.0,-13000000.0,-242000000.0,242000000.0,13000000.0,-318000000.0,334000000.0,16000000.0,2496000000.0,8462000000.0,421000000.0,421000000.0,,,,7616000000.0,,,10958000000.0,10958000000.0,,0.0,-458000000.0,2836000000.0,522000000.0,2314000000.0,,,,,,,4780000000.0,,,425000000.0,,0.0,
2020-12-31,79650000.0,0.27,1270000000.0,295000000.0,295000000.0,59000000.0,642000000.0,,1565000000.0,923000000.0,-302000000.0,356000000.0,54000000.0,-156350000.0,59000000.0,6216000000.0,-631000000.0,41160000.0,40974000.0,1.44,1.45,59000000.0,59000000.0,,59000000.0,59000000.0,59000000.0,508000000.0,567000000.0,289000000.0,-6000000.0,-1311000000.0,,149000000.0,-302000000.0,356000000.0,54000000.0,580000000.0,6216000000.0,458000000.0,458000000.0,,,,5459000000.0,,,6796000000.0,6796000000.0,,100000000.0,1606000000.0,2525000000.0,581000000.0,1944000000.0,,,,,,,2934000000.0,,,299000000.0,,1062000000.0,
2024-01-31,-202400000.0,0.16,11223000000.0,-1265000000.0,-1265000000.0,4136000000.0,3959000000.0,8541000000.0,9958000000.0,5999000000.0,,,,5198600000.0,4136000000.0,28858000000.0,5011000000.0,984000000.0,974000000.0,4.2,4.25,4136000000.0,4136000000.0,,4136000000.0,4136000000.0,4136000000.0,814000000.0,4950000000.0,-1049000000.0,216000000.0,-1454000000.0,,988000000.0,,,,5999000000.0,20317000000.0,891000000.0,891000000.0,891000000.0,891000000.0,4906000000.0,15411000000.0,26316000000.0,8541000000.0,34857000000.0,34857000000.0,,466000000.0,189000000.0,2534000000.0,2534000000.0,1062000000.0,,,,,,,12877000000.0,,,,,,
2023-01-31,-224070000.0,0.21,6711000000.0,-1067000000.0,-1067000000.0,208000000.0,3786000000.0,8360000000.0,5644000000.0,1858000000.0,,,,1050930000.0,208000000.0,29494000000.0,1030000000.0,997000000.0,992000000.0,0.21,0.21,208000000.0,208000000.0,,208000000.0,208000000.0,208000000.0,452000000.0,660000000.0,-1198000000.0,-131000000.0,-1319000000.0,,828000000.0,,,,1858000000.0,21134000000.0,916000000.0,916000000.0,916000000.0,916000000.0,5055000000.0,16079000000.0,22992000000.0,8360000000.0,31352000000.0,31352000000.0,,491000000.0,252000000.0,2553000000.0,2553000000.0,1256000000.0,,,,,,,13526000000.0,,,,,,
2022-01-31,69561357.70235,0.057441,2635000000.0,1211000000.0,1211000000.0,1444000000.0,3298000000.0,7026000000.0,3846000000.0,548000000.0,,,,302561357.70235,1444000000.0,25944000000.0,548000000.0,974000000.0,955000000.0,1.48,1.51,1444000000.0,1444000000.0,,1444000000.0,1444000000.0,1444000000.0,88000000.0,1532000000.0,984000000.0,-227000000.0,-51000000.0,,0.0,,,,548000000.0,18918000000.0,727000000.0,727000000.0,727000000.0,727000000.0,4465000000.0,14453000000.0,19466000000.0,7026000000.0,26492000000.0,26492000000.0,,51000000.0,1262000000.0,2598000000.0,2598000000.0,1104000000.0,,,,,,,11855000000.0,,,,,,
2021-01-31,585900000.0,0.27,1131000000.0,2170000000.0,2170000000.0,4072000000.0,2846000000.0,5438000000.0,3301000000.0,455000000.0,,,,2487900000.0,4072000000.0,20797000000.0,455000000.0,930000000.0,908000000.0,4.38,4.48,4072000000.0,4072000000.0,,4072000000.0,4072000000.0,4072000000.0,-1511000000.0,2561000000.0,2106000000.0,-64000000.0,-124000000.0,,0.0,,,,455000000.0,15359000000.0,,,,,3598000000.0,11761000000.0,15814000000.0,5438000000.0,21252000000.0,21252000000.0,,124000000.0,2294000000.0,2087000000.0,2087000000.0,,,,,,,,9674000000.0,,,,,,
2024-12-31,0.0,0.168,7007000000.0,,,4174000000.0,1370000000.0,32671000000.0,7007000000.0,5637000000.0,-621000000.0,621000000.0,,4174000000.0,4174000000.0,36663000000.0,4370000000.0,147300000.0,147000000.0,28.34,28.39,4174000000.0,4174000000.0,,4174000000.0,4174000000.0,4174000000.0,842000000.0,5016000000.0,1267000000.0,1267000000.0,,,,-621000000.0,621000000.0,,4370000000.0,3992000000.0,,,,,,3992000000.0,8362000000.0,32671000000.0,41033000000.0,41033000000.0,,,,3992000000.0,3992000000.0,,,,,,,,,,,,,,
2023-12-31,0.0,0.124,4229000000.0,0.0,0.0,2056000000.0,1338000000.0,32739000000.0,4229000000.0,2891000000.0,-545000000.0,545000000.0,,2056000000.0,2056000000.0,36753000000.0,2537000000.0,152000000.0,151500000.0,13.53,13.57,2056000000.0,2056000000.0,,2056000000.0,2056000000.0,2056000000.0,290000000.0,2346000000.0,354000000.0,354000000.0,0.0,,,-545000000.0,545000000.0,,2537000000.0,4014000000.0,,,,,,4014000000.0,6551000000.0,32739000000.0,39290000000.0,39290000000.0,,,,4014000000.0,4014000000.0,,,,,,0.0,,,,,,,,
2022-12-31,0.0,0.161,7684000000.0,0.0,0.0,4896000000.0,1342000000.0,29128000000.0,7684000000.0,6342000000.0,-506000000.0,506000000.0,,4896000000.0,4896000000.0,33001000000.0,3601000000.0,155600000.0,154900000.0,31.47,31.61,4896000000.0,4896000000.0,,4896000000.0,4896000000.0,4896000000.0,940000000.0,5836000000.0,2741000000.0,2741000000.0,0.0,,,-506000000.0,506000000.0,,3601000000.0,3873000000.0,,,,,,3873000000.0,7474000000.0,29128000000.0,36602000000.0,36602000000.0,,,,3873000000.0,3873000000.0,,,,,,0.0,,,,,,,,
2021-12-31,427680000.0,0.216,8753000000.0,1980000000.0,1980000000.0,7005000000.0,1239000000.0,28399000000.0,10733000000.0,9494000000.0,-556000000.0,556000000.0,,5452680000.0,7005000000.0,31996000000.0,5651000000.0,160900000.0,160300000.0,43.54,43.7,7005000000.0,7005000000.0,,7005000000.0,7005000000.0,7005000000.0,1933000000.0,8938000000.0,5823000000.0,3843000000.0,1980000000.0,,,-556000000.0,556000000.0,,3671000000.0,3597000000.0,,,,,,3597000000.0,7268000000.0,28399000000.0,35667000000.0,35667000000.0,,,,3597000000.0,3597000000.0,,,,,,1980000000.0,,,,,,,,
2020-12-31,,,,0.0,0.0,,,,,,,,,,,,,,,,,,,,,,,,,,,0.0,,,,,,,,,,,,,,,,,,,,,,,,,,,,0.0,,,,,,,,
2023-12-31,-27120000.0,0.24,4164000000.0,-113000000.0,-113000000.0,499000000.0,2675000000.0,6145000000.0,4051000000.0,1376000000.0,-621000000.0,713000000.0,92000000.0,584880000.0,-6654000000.0,8241000000.0,1467000000.0,591000000.0,591000000.0,-11.26,-11.26,-6654000000.0,-6654000000.0,,-6654000000.0,-6647000000.0,506000000.0,157000000.0,663000000.0,-296000000.0,-183000000.0,-113000000.0,,,-621000000.0,713000000.0,92000000.0,1580000000.0,2096000000.0,,,,,,2096000000.0,3676000000.0,6145000000.0,9821000000.0,9821000000.0,,,,,,,,-7000000.0,,-7153000000.0,,,,,,,,113000000.0,0.0
2022-12-31,-36050000.0,0.35,5188000000.0,-103000000.0,-103000000.0,604000000.0,3846000000.0,6216000000.0,5085000000.0,1239000000.0,-281000000.0,298000000.0,17000000.0,670950000.0,-16720000000.0,8398000000.0,1218000000.0,604000000.0,604000000.0,-27.68,-27.68,-16720000000.0,-16720000000.0,,-16720000000.0,-16708000000.0,616000000.0,325000000.0,941000000.0,-99000000.0,4000000.0,-103000000.0,,,-281000000.0,298000000.0,17000000.0,1321000000.0,2182000000.0,,,,,,2182000000.0,3503000000.0,6216000000.0,9719000000.0,9719000000.0,,,,,,,,-12000000.0,,-17324000000.0,,,,,,,,103000000.0,0.0
2021-12-31,-52380000.0,0.27,5142000000.0,-194000000.0,-194000000.0,315000000.0,4015000000.0,5990000000.0,4948000000.0,933000000.0,-212000000.0,214000000.0,2000000.0,456620000.0,417000000.0,8105000000.0,1040000000.0,621000000.0,616000000.0,0.67,0.68,417000000.0,417000000.0,,417000000.0,424000000.0,322000000.0,403000000.0,719000000.0,-303000000.0,-109000000.0,-194000000.0,,,-212000000.0,214000000.0,2000000.0,1234000000.0,2115000000.0,,,,,,2115000000.0,3349000000.0,5990000000.0,9339000000.0,9339000000.0,,,,,,,,-7000000.0,,102000000.0,,,,,,,,194000000.0,6000000.0
2020-12-31,-49082706.766917,0.360902,4455000000.0,-136000000.0,-136000000.0,158000000.0,3714000000.0,8348000000.0,4319000000.0,605000000.0,-334000000.0,339000000.0,5000000.0,244917293.233083,158000000.0,11864000000.0,552000000.0,627000000.0,619000000.0,0.25,0.26,158000000.0,158000000.0,,158000000.0,164000000.0,164000000.0,96000000.0,266000000.0,-88000000.0,48000000.0,-136000000.0,,,-334000000.0,339000000.0,5000000.0,688000000.0,3516000000.0,,,,,,3516000000.0,4204000000.0,8348000000.0,12552000000.0,12552000000.0,,,,,,,,-6000000.0,,,,,,,,,,136000000.0,-6000000.0
2024-12-31,-81420000.0,0.118,87566000000.0,-690000000.0,-690000000.0,62360000000.0,15498000000.0,30161000000.0,86876000000.0,71378000000.0,1973000000.0,715000000.0,2517000000.0,62968580000.0,62360000000.0,95121000000.0,69380000000.0,2614000000.0,2534000000.0,23.86,24.61,62360000000.0,62360000000.0,,62360000000.0,62360000000.0,62360000000.0,8303000000.0,70663000000.0,-690000000.0,,,,,1973000000.0,715000000.0,2517000000.0,69380000000.0,64960000000.0,,,,,43873000000.0,21087000000.0,134340000000.0,30161000000.0,164501000000.0,162779000000.0,,,-690000000.0,9740000000.0,9740000000.0,,,,,,,,11347000000.0,-171000000.0,,,,,
2023-12-31,-64416000.0,0.176,59418000000.0,-366000000.0,-366000000.0,39098000000.0,11178000000.0,25959000000.0,59052000000.0,47874000000.0,1043000000.0,446000000.0,1639000000.0,39399584000.0,39098000000.0,88151000000.0,46751000000.0,2629000000.0,2574000000.0,14.87,15.19,39098000000.0,39098000000.0,,39098000000.0,39098000000.0,39098000000.0,8330000000.0,47428000000.0,-366000000.0,,,,,1043000000.0,446000000.0,1639000000.0,46751000000.0,62192000000.0,,,,,38483000000.0,23709000000.0,108943000000.0,25959000000.0,134902000000.0,133844000000.0,,,-366000000.0,11408000000.0,11408000000.0,,,,,,,,12301000000.0,150000000.0,,,,,
2022-12-31,-15795000.0,0.195,37771000000.0,-81000000.0,-81000000.0,23200000000.0,8686000000.0,25249000000.0,37690000000.0,29004000000.0,-44000000.0,185000000.0,461000000.0,23265205000.0,23200000000.0,87665000000.0,28944000000.0,2702000000.0,2687000000.0,8.59,8.63,23200000000.0,23200000000.0,,23200000000.0,23200000000.0,23200000000.0,5619000000.0,28819000000.0,-81000000.0,-320000000.0,,,,-44000000.0,185000000.0,461000000.0,28944000000.0,62416000000.0,,,,,35338000000.0,27078000000.0,91360000000.0,25249000000.0,116609000000.0,115801000000.0,,,-81000000.0,11816000000.0,11816000000.0,,,,,,,,15262000000.0,320000000.0,,,,,
2021-12-31,-23380000.0,0.167,55414000000.0,-140000000.0,-140000000.0,39370000000.0,7967000000.0,22649000000.0,55274000000.0,47307000000.0,671000000.0,23000000.0,484000000.0,39486620000.0,39370000000.0,71176000000.0,46753000000.0,2859000000.0,2815000000.0,13.77,13.99,39370000000.0,39370000000.0,,39370000000.0,39370000000.0,39370000000.0,7914000000.0,47284000000.0,-140000000.0,210000000.0,0.0,,,671000000.0,23000000.0,484000000.0,46753000000.0,48527000000.0,,,,,24655000000.0,23872000000.0,95280000000.0,22649000000.0,117929000000.0,117208000000.0,,,-140000000.0,9829000000.0,9829000000.0,,,,,,,,14043000000.0,-210000000.0,,,,,
2020-12-31,,,,,,,,,,,,,,,,,,,,,,,,0.0,,,,,,,-34000000.0,0.0,,,,,,,,,,,,,,,,,,,,,,,,,,,,,,,,,,,,
2024-05-31,-136141000.0,0.109,22643000000.0,-1249000000.0,-1249000000.0,10467000000.0,6139000000.0,12014000000.0,21394000000.0,15255000000.0,-3063000000.0,3514000000.0,451000000.0,11579859000.0,10467000000.0,36890000000.0,15353000000.0,2823000000.0,2744000000.0,3.71,3.82,10467000000.0,10467000000.0,,10467000000.0,10467000000.0,10467000000.0,1274000000.0,11741000000.0,-1267000000.0,168000000.0,-718000000.0,,718000000.0,-3063000000.0,3514000000.0,451000000.0,16071000000.0,21747000000.0,3010000000.0,3010000000.0,3010000000.0,3010000000.0,8915000000.0,9822000000.0,37818000000.0,15143000000.0,52961000000.0,52961000000.0,,,-531000000.0,1548000000.0,1548000000.0,,,,-186000000.0,,,,8274000000.0,,,,,,
2023-05-31,-85408000.0,0.068,19995000000.0,-1256000000.0,-1256000000.0,8503000000.0,6108000000.0,11038000000.0,18739000000.0,12631000000.0,-3220000000.0,3505000000.0,285000000.0,9673592000.0,8503000000.0,36181000000.0,13093000000.0,2766000000.0,2696000000.0,3.07,3.15,8503000000.0,8503000000.0,,8503000000.0,8503000000.0,8503000000.0,623000000.0,9126000000.0,-1427000000.0,-6000000.0,-680000000.0,,680000000.0,-3220000000.0,3505000000.0,285000000.0,13773000000.0,22617000000.0,3582000000.0,3582000000.0,3582000000.0,3582000000.0,8623000000.0,10412000000.0,36390000000.0,13564000000.0,49954000000.0,49954000000.0,,,-576000000.0,1579000000.0,1579000000.0,,,,-165000000.0,,,,8833000000.0,,,103000000.0,,,
2022-05-31,-640500000.0,0.122,18776000000.0,-5250000000.0,-5250000000.0,6717000000.0,3122000000.0,6905000000.0,13526000000.0,10404000000.0,-2661000000.0,2755000000.0,94000000.0,11326500000.0,6717000000.0,26610000000.0,10926000000.0,2786000000.0,2700000000.0,2.41,2.49,6717000000.0,6717000000.0,,6717000000.0,6717000000.0,6717000000.0,932000000.0,7649000000.0,-5520000000.0,-86000000.0,-4904000000.0,,4904000000.0,-2661000000.0,2755000000.0,94000000.0,15830000000.0,17733000000.0,1150000000.0,1150000000.0,1150000000.0,1150000000.0,7219000000.0,9364000000.0,33563000000.0,8877000000.0,42440000000.0,42440000000.0,,,-346000000.0,1317000000.0,1317000000.0,,,,-184000000.0,,,,8047000000.0,,,4694000000.0,,,
2021-05-31,-113130000.0,0.27,18830000000.0,-419000000.0,-419000000.0,13746000000.0,2916000000.0,6318000000.0,18411000000.0,15495000000.0,-2395000000.0,2496000000.0,101000000.0,14051870000.0,13746000000.0,24697000000.0,15213000000.0,3022000000.0,2945000000.0,4.55,4.67,13746000000.0,13746000000.0,,13746000000.0,13746000000.0,13746000000.0,-747000000.0,12999000000.0,-388000000.0,211000000.0,-569000000.0,,569000000.0,-2395000000.0,2496000000.0,101000000.0,15782000000.0,16842000000.0,1379000000.0,1379000000.0,1379000000.0,1379000000.0,6527000000.0,8936000000.0,32624000000.0,7855000000.0,40479000000.0,40479000000.0,,,150000000.0,1254000000.0,1254000000.0,136000000.0,,,-180000000.0,,,,7682000000.0,,,129000000.0,,,
2020-05-31,,,,,,,,,,,,,,,,,,,,,,,,,,,,,,,,,,,,,,,,,,,,,,,,,,,,,,,119000000.0,,,,,,,,,,51000000.0,,,
2024-01-31,-14952000.0,0.178,8819000000.0,-84000000.0,-84000000.0,3211000000.0,3303000000.0,67556000000.0,8735000000.0,5432000000.0,-1240000000.0,1545000000.0,305000000.0,3280048000.0,3211000000.0,83214000000.0,5211000000.0,706335200.0,706335200.0,4.546,4.546,3211000000.0,3211000000.0,,3211000000.0,3195000000.0,3195000000.0,692000000.0,3887000000.0,-84000000.0,-44000000.0,68000000.0,-68000000.0,,-1240000000.0,1545000000.0,305000000.0,5211000000.0,15658000000.0,,,,,2801000000.0,12857000000.0,20869000000.0,67556000000.0,88425000000.0,88425000000.0,,,-152000000.0,,,,,16000000.0,,0.0,0.0,,,,0.0,,,,
2023-01-31,-339885000.0,0.249,9027000000.0,-1365000000.0,-1365000000.0,2442000000.0,3156000000.0,79615000000.0,7662000000.0,4506000000.0,-1181000000.0,1281000000.0,100000000.0,3467115000.0,2442000000.0,96530000000.0,5771000000.0,753000000.0,734000000.0,3.24,3.24,2442000000.0,2442000000.0,,2442000000.0,2422000000.0,2422000000.0,803000000.0,3225000000.0,-1365000000.0,-59000000.0,-894000000.0,894000000.0,,-1181000000.0,1281000000.0,100000000.0,5771000000.0,16915000000.0,,,,,2779000000.0,14136000000.0,22686000000.0,79615000000.0,102301000000.0,102301000000.0,,,-471000000.0,,,,,20000000.0,,0.0,0.0,,,,0.0,,,,
2022-01-31,455504000.0,0.166,9272000000.0,2744000000.0,2744000000.0,4798000000.0,4551000000.0,79306000000.0,12016000000.0,7465000000.0,-1480000000.0,1542000000.0,62000000.0,2509504000.0,5563000000.0,96538000000.0,4659000000.0,791000000.0,762000000.0,7.02,7.02,5556000000.0,5563000000.0,,5563000000.0,5707000000.0,4942000000.0,981000000.0,5923000000.0,2744000000.0,20000000.0,2396000000.0,1572000000.0,,-1480000000.0,1542000000.0,62000000.0,4659000000.0,17232000000.0,,,,,2577000000.0,14655000000.0,21891000000.0,79306000000.0,101197000000.0,101197000000.0,,,348000000.0,,,,,-144000000.0,,765000000.0,3968000000.0,,,,-7000000.0,,,,
2021-01-31,24295000.0,0.043,9223000000.0,565000000.0,565000000.0,1990000000.0,5390000000.0,66530000000.0,9788000000.0,4398000000.0,-1904000000.0,2052000000.0,148000000.0,1449295000.0,3250000000.0,82985000000.0,3685000000.0,767000000.0,744000000.0,4.22,4.37,3237000000.0,3250000000.0,,3250000000.0,3505000000.0,2245000000.0,101000000.0,2346000000.0,565000000.0,101000000.0,300000000.0,158000000.0,,-1904000000.0,2052000000.0,148000000.0,3685000000.0,16455000000.0,,,,,2455000000.0,14000000000.0,20140000000.0,66530000000.0,86670000000.0,86670000000.0,,,265000000.0,,,,,-255000000.0,,1260000000.0,458000000.0,,,-406000000.0,-13000000.0,,,,
2023-12-31,61275000.0,0.215,6545000000.0,285000000.0,285000000.0,4246000000.0,1072000000.0,16067000000.0,6830000000.0,5758000000.0,133000000.0,347000000.0,480000000.0,4022275000.0,4246000000.0,24827000000.0,5028000000.0,1107000000.0,1103000000.0,3.84,3.85,4246000000.0,4246000000.0,,4246000000.0,4246000000.0,4246000000.0,1165000000.0,5411000000.0,334000000.0,49000000.0,84000000.0,,-84000000.0,133000000.0,347000000.0,480000000.0,4944000000.0,8760000000.0,,,,,2973000000.0,3868000000.0,13704000000.0,16067000000.0,29771000000.0,29771000000.0,,,201000000.0,2059000000.0,2059000000.0,,,,,,,,1809000000.0,,,1919000000.0,,,
2022-12-31,-143591000.0,0.281,5498000000.0,-511000000.0,-511000000.0,2419000000.0,1317000000.0,13745000000.0,4987000000.0,3670000000.0,-130000000.0,304000000.0,174000000.0,2786409000.0,2419000000.0,23474000000.0,3837000000.0,1158000000.0,1154000000.0,2.09,2.1,2419000000.0,2419000000.0,,2419000000.0,2419000000.0,2419000000.0,947000000.0,3366000000.0,-548000000.0,-37000000.0,-207000000.0,,207000000.0,-130000000.0,304000000.0,174000000.0,4044000000.0,9729000000.0,,,,,3253000000.0,4356000000.0,13773000000.0,13745000000.0,27518000000.0,27518000000.0,,,-304000000.0,2099000000.0,2099000000.0,,,,,,,,2257000000.0,,,2120000000.0,,,
2021-12-31,-4320000.0,0.27,5612000000.0,-16000000.0,-16000000.0,4169000000.0,1265000000.0,11375000000.0,5596000000.0,4331000000.0,-175000000.0,232000000.0,57000000.0,4180680000.0,4169000000.0,21047000000.0,4262000000.0,1186000000.0,1174000000.0,3.52,3.55,4169000000.0,4169000000.0,,4169000000.0,4169000000.0,4169000000.0,-70000000.0,4099000000.0,-50000000.0,-34000000.0,-62000000.0,,62000000.0,-175000000.0,232000000.0,57000000.0,4324000000.0,9672000000.0,,,,,3038000000.0,4559000000.0,13996000000.0,11375000000.0,25371000000.0,25371000000.0,,,46000000.0,2114000000.0,2114000000.0,,,,,,,,2445000000.0,,,2075000000.0,,,
2020-12-31,301750000.0,0.17,4688000000.0,1775000000.0,1775000000.0,4202000000.0,1189000000.0,9675000000.0,6463000000.0,5274000000.0,-121000000.0,209000000.0,88000000.0,2728750000.0,4202000000.0,18026000000.0,3289000000.0,1187000000.0,1173000000.0,3.54,3.58,4202000000.0,4202000000.0,,4202000000.0,4202000000.0,4202000000.0,863000000.0,5065000000.0,1758000000.0,-17000000.0,-139000000.0,,139000000.0,-121000000.0,209000000.0,88000000.0,3428000000.0,8351000000.0,,,,,2642000000.0,3931000000.0,11779000000.0,9675000000.0,21454000000.0,21454000000.0,,,1914000000.0,2070000000.0,2070000000.0,,,,,,,,1861000000.0,,,1778000000.0,,,
2024-10-31,54483000.0,0.127,5205000000.0,429000000.0,429000000.0,2579000000.0,2564000000.0,17952000000.0,5634000000.0,3070000000.0,-117000000.0,117000000.0,,2204483000.0,2579000000.0,27633000000.0,2190000000.0,1337000000.0,1309000000.0,1.93,1.95,2554000000.0,2554000000.0,,2579000000.0,2579000000.0,2579000000.0,374000000.0,2953000000.0,576000000.0,,429000000.0,7000000.0,297000000.0,-117000000.0,117000000.0,,2494000000.0,7384000000.0,267000000.0,267000000.0,267000000.0,267000000.0,2246000000.0,4871000000.0,9878000000.0,20249000000.0,30127000000.0,30127000000.0,,,,,,,25000000.0,,147000000.0,,733000000.0,,,,,,,0.0,
2023-10-31,-32476000.0,0.092,5303000000.0,-353000000.0,-353000000.0,2025000000.0,2616000000.0,16568000000.0,4950000000.0,2334000000.0,-104000000.0,104000000.0,,2345524000.0,2025000000.0,26693000000.0,2089000000.0,1316000000.0,1299000000.0,1.54,1.56,2025000000.0,2025000000.0,,2025000000.0,2025000000.0,2025000000.0,205000000.0,2230000000.0,-108000000.0,52000000.0,-353000000.0,1000000.0,352000000.0,-104000000.0,104000000.0,,2442000000.0,7797000000.0,288000000.0,288000000.0,288000000.0,288000000.0,2349000000.0,5160000000.0,10239000000.0,18896000000.0,29135000000.0,29135000000.0,,,,,,,,,245000000.0,,0.0,-55000000.0,,156000000.0,,,,0.0,
2022-10-31,-13005000.0,0.009,4922000000.0,-1445000000.0,-1445000000.0,868000000.0,2480000000.0,16803000000.0,3477000000.0,997000000.0,-121000000.0,121000000.0,,2299995000.0,868000000.0,26269000000.0,782000000.0,1322000000.0,1303000000.0,0.66,0.67,868000000.0,868000000.0,,868000000.0,868000000.0,868000000.0,8000000.0,876000000.0,-1230000000.0,67000000.0,-1445000000.0,48000000.0,492000000.0,-121000000.0,121000000.0,,2227000000.0,7279000000.0,293000000.0,293000000.0,293000000.0,293000000.0,2045000000.0,4941000000.0,9506000000.0,18990000000.0,28496000000.0,28496000000.0,,,,,,,,,215000000.0,,0.0,67000000.0,,188000000.0,,,,905000000.0,
2021-10-31,61064956.788403,0.044606,3342000000.0,1369000000.0,1369000000.0,3427000000.0,2597000000.0,16165000000.0,4711000000.0,2114000000.0,-211000000.0,211000000.0,,2119064956.788403,3427000000.0,25670000000.0,1132000000.0,1330000000.0,1309000000.0,2.58,2.62,3427000000.0,3427000000.0,,3427000000.0,3427000000.0,3427000000.0,160000000.0,3587000000.0,1684000000.0,135000000.0,1369000000.0,-2335000000.0,966000000.0,-211000000.0,211000000.0,,2114000000.0,7262000000.0,354000000.0,354000000.0,354000000.0,354000000.0,1979000000.0,4929000000.0,9376000000.0,18408000000.0,27784000000.0,27784000000.0,,,,,,,,,180000000.0,,,-65000000.0,,211000000.0,,,,0.0,
2020-10-31,,,,,,,,,,,,,,,,,,,,,,,,,,,,,,,35000000.0,,,,,,,,,,,,,,,,,,,,,,,,,,,,0.0,,101000000.0,,215000000.0,,,,,
2023-12-31,-286479000.0,0.139,100032000000.0,-2061000000.0,-2061000000.0,73795000000.0,11946000000.0,133332000000.0,97971000000.0,86025000000.0,3557000000.0,308000000.0,3865000000.0,75569521000.0,73795000000.0,223101000000.0,84293000000.0,12722000000.0,12630000000.0,5.8,5.84,73795000000.0,73795000000.0,,73795000000.0,73795000000.0,73795000000.0,11922000000.0,85717000000.0,-2133000000.0,556000000.0,,,,3557000000.0,308000000.0,3865000000.0,84293000000.0,89769000000.0,,,,,45427000000.0,44342000000.0,174062000000.0,133332000000.0,307394000000.0,307394000000.0,,,-2061000000.0,16425000000.0,16425000000.0,,,,-628000000.0,,,,27917000000.0,,,,,,
2022-12-31,-981507000.0,0.159,91333000000.0,-6173000000.0,-6173000000.0,59972000000.0,13475000000.0,126203000000.0,85160000000.0,71685000000.0,1817000000.0,357000000.0,2174000000.0,65163493000.0,59972000000.0,207994000000.0,74842000000.0,13159000000.0,13063000000.0,4.56,4.59,59972000000.0,59972000000.0,,59972000000.0,59972000000.0,59972000000.0,11356000000.0,71328000000.0,-5331000000.0,1179000000.0,,,,1817000000.0,357000000.0,2174000000.0,74842000000.0,81791000000.0,,,,,39500000000.0,42291000000.0,156633000000.0,126203000000.0,282836000000.0,282836000000.0,,,-6173000000.0,15724000000.0,15724000000.0,,,,-337000000.0,,,,26567000000.0,,,,,,
2021-12-31,1948860000.0,0.162,91491000000.0,12030000000.0,12030000000.0,76033000000.0,12441000000.0,110939000000.0,103521000000.0,91080000000.0,1153000000.0,346000000.0,1499000000.0,65951860000.0,76033000000.0,178923000000.0,78714000000.0,13553000000.0,13353000000.0,5.61,5.69,76033000000.0,76033000000.0,,76033000000.0,76033000000.0,76033000000.0,14701000000.0,90734000000.0,10867000000.0,-1497000000.0,0.0,,,1153000000.0,346000000.0,1499000000.0,78714000000.0,67984000000.0,,,,,31562000000.0,36422000000.0,146698000000.0,110939000000.0,257637000000.0,257637000000.0,,,12030000000.0,13510000000.0,13510000000.0,,,,334000000.0,,,,22912000000.0,,,,,,
2020-12-31,970572126.783412,0.162493,55941000000.0,5973000000.0,5973000000.0,40269000000.0,13697000000.0,84732000000.0,61914000000.0,48217000000.0,1730000000.0,135000000.0,1865000000.0,35266572126.78341,40269000000.0,141303000000.0,41224000000.0,13740553816.0,13616313872.0,2.930501,2.957501,40269000000.0,40269000000.0,,40269000000.0,40269000000.0,40269000000.0,7813000000.0,48082000000.0,5128000000.0,-1246000000.0,0.0,,,1730000000.0,135000000.0,1865000000.0,41224000000.0,56571000000.0,,,,,27573000000.0,28998000000.0,97795000000.0,84732000000.0,182527000000.0,182527000000.0,,,5973000000.0,11052000000.0,11052000000.0,,,,401000000.0,,,,17946000000.0,,,,,,
2024-03-31,3165000.0,0.211,1825000000.0,15000000.0,15000000.0,91000000.0,1433000000.0,10547000000.0,1840000000.0,407000000.0,-84000000.0,298000000.0,214000000.0,79165000.0,91000000.0,13669000000.0,,198780000.0,195800000.0,0.46,0.46,91000000.0,91000000.0,,91000000.0,86000000.0,86000000.0,23000000.0,109000000.0,195000000.0,180000000.0,8000000.0,,111000000.0,-84000000.0,298000000.0,214000000.0,-2000000.0,3093000000.0,1404000000.0,1404000000.0,,,,1689000000.0,3091000000.0,10576000000.0,13667000000.0,13667000000.0,40000000.0,,7000000.0,1689000000.0,1244000000.0,445000000.0,,5000000.0,,,79000000.0,,,,,,,,
2023-03-31,28440000.0,0.36,787000000.0,79000000.0,79000000.0,-568000000.0,1551000000.0,11214000000.0,866000000.0,-685000000.0,-65000000.0,200000000.0,135000000.0,-618560000.0,-568000000.0,15571000000.0,,228990000.0,228990000.0,-2.48,-2.48,-568000000.0,-568000000.0,,-568000000.0,-566000000.0,-566000000.0,-319000000.0,-885000000.0,321000000.0,242000000.0,64000000.0,,216000000.0,-65000000.0,200000000.0,135000000.0,-1141000000.0,4325000000.0,1519000000.0,1519000000.0,,,,2806000000.0,3184000000.0,11246000000.0,14430000000.0,14430000000.0,90000000.0,,15000000.0,2806000000.0,1375000000.0,1431000000.0,,-2000000.0,,,190000000.0,,,,,,,,
2022-03-31,-64956178.790535,0.354952,3270000000.0,-183000000.0,-183000000.0,718000000.0,1742000000.0,12658000000.0,3087000000.0,1345000000.0,-139000000.0,204000000.0,65000000.0,836043821.209465,718000000.0,15124000000.0,,255210000.0,250020000.0,2.81,2.87,718000000.0,718000000.0,,718000000.0,736000000.0,736000000.0,405000000.0,1141000000.0,139000000.0,322000000.0,-170000000.0,311000000.0,318000000.0,-139000000.0,204000000.0,65000000.0,1141000000.0,2441000000.0,1717000000.0,1717000000.0,,,,724000000.0,3582000000.0,12683000000.0,16265000000.0,16265000000.0,88000000.0,,-13000000.0,724000000.0,1408000000.0,-684000000.0,,-18000000.0,,,371000000.0,,,,,,,0.0,
2021-03-31,379080000.0,0.27,1599000000.0,1404000000.0,1404000000.0,-149000000.0,1988000000.0,14068000000.0,3003000000.0,1015000000.0,-263000000.0,361000000.0,98000000.0,-1173920000.0,-149000000.0,18122000000.0,,254140000.0,254140000.0,-0.59,-0.59,-149000000.0,-149000000.0,,-149000000.0,-146000000.0,-146000000.0,800000000.0,654000000.0,1310000000.0,-94000000.0,1418000000.0,41000000.0,551000000.0,-263000000.0,361000000.0,98000000.0,-393000000.0,4036000000.0,1970000000.0,1970000000.0,,,,2066000000.0,3643000000.0,14086000000.0,17729000000.0,17729000000.0,6000000.0,,-14000000.0,2066000000.0,2066000000.0,110000000.0,,-3000000.0,,0.0,2004000000.0,,,,,,,0.0,
2020-03-31,,,,,,,,,,,,,,,,,,,,,,,,,,,,,,,,,-632000000.0,,,,,,,,,,,,,,,,,,,,,,,,,,0.0,,,,,,,,6794000000.0,
2024-10-31,-584010000.0,0.378,25424000000.0,-1545000000.0,-1545000000.0,6168000000.0,10010000000.0,12299000000.0,23879000000.0,13869000000.0,-3492000000.0,3953000000.0,461000000.0,7128990000.0,5895000000.0,36578000000.0,13463000000.0,4778000000.0,4624000000.0,1.23,1.27,5895000000.0,5895000000.0,,5895000000.0,5895000000.0,6168000000.0,3748000000.0,9916000000.0,-1588000000.0,-43000000.0,-1533000000.0,,1533000000.0,-3492000000.0,3953000000.0,461000000.0,14996000000.0,17513000000.0,3244000000.0,3244000000.0,3244000000.0,3244000000.0,9310000000.0,4959000000.0,32509000000.0,19065000000.0,51574000000.0,51574000000.0,,,-12000000.0,,,,,,,-273000000.0,,,,,,,,,
2023-10-31,-15611000.0,0.067,20787000000.0,-233000000.0,-233000000.0,14082000000.0,3835000000.0,8688000000.0,20554000000.0,16719000000.0,-1087000000.0,1622000000.0,535000000.0,14299389000.0,14082000000.0,19368000000.0,16207000000.0,4272000000.0,4149000000.0,3.3,3.39,14082000000.0,14082000000.0,,14082000000.0,14082000000.0,14082000000.0,1015000000.0,15097000000.0,-267000000.0,-34000000.0,-244000000.0,,244000000.0,-1087000000.0,1622000000.0,535000000.0,16451000000.0,8239000000.0,1394000000.0,1394000000.0,1394000000.0,1394000000.0,5253000000.0,1592000000.0,24690000000.0,11129000000.0,35819000000.0,35819000000.0,,,11000000.0,,,,,,,0.0,,,,,,,,,
2022-10-31,-16950000.0,0.075,19381000000.0,-226000000.0,-226000000.0,11495000000.0,4984000000.0,7636000000.0,19155000000.0,14171000000.0,-1637000000.0,1737000000.0,100000000.0,11704050000.0,11495000000.0,18921000000.0,14225000000.0,4232000000.0,4089000000.0,2.65,2.74,11223000000.0,11223000000.0,,11495000000.0,11495000000.0,11495000000.0,939000000.0,12434000000.0,-211000000.0,15000000.0,-57000000.0,,57000000.0,-1637000000.0,1737000000.0,100000000.0,14282000000.0,7813000000.0,1512000000.0,1512000000.0,1512000000.0,1512000000.0,4919000000.0,1382000000.0,22095000000.0,11108000000.0,33203000000.0,33203000000.0,,,-169000000.0,,,,272000000.0,,,0.0,,,,,,,,,
2021-10-31,-196000.0,0.004,14740000000.0,-49000000.0,-49000000.0,6736000000.0,6041000000.0,6541000000.0,14691000000.0,8650000000.0,-1869000000.0,1885000000.0,16000000.0,6784804000.0,6736000000.0,18783000000.0,8519000000.0,4300751793.0,4110275607.0,1.49625,1.566075,6437000000.0,6437000000.0,,6736000000.0,6736000000.0,6736000000.0,29000000.0,6765000000.0,-33000000.0,16000000.0,-148000000.0,,148000000.0,-1869000000.0,1885000000.0,16000000.0,8667000000.0,8177000000.0,1976000000.0,1976000000.0,1976000000.0,1976000000.0,4854000000.0,1347000000.0,16844000000.0,10606000000.0,27450000000.0,27450000000.0,,,99000000.0,,,,299000000.0,,,0.0,,,,,,,,,
2020-10-31,,,,,,,,,,,,,,,,,,,,,,,,,,,,,,,,,-116000000.0,,,,,,,,,,,,,,,,,,0.0,,,,,297000000.0,0.0,,,,,,,,,,,
2023-12-31,-62580000.0,0.21,589000000.0,-298000000.0,-298000000.0,1000000.0,251000000.0,4364000000.0,291000000.0,40000000.0,-52000000.0,68000000.0,16000000.0,236420000.0,1000000.0,6533000000.0,,149116000.0,149116000.0,-0.09,-0.09,-13000000.0,-13000000.0,,1000000.0,1000000.0,1000000.0,-29000000.0,-28000000.0,-329000000.0,-31000000.0,-270000000.0,142000000.0,131000000.0,-52000000.0,68000000.0,16000000.0,353000000.0,1961000000.0,43000000.0,43000000.0,43000000.0,43000000.0,229000000.0,1696000000.0,2314000000.0,4572000000.0,6886000000.0,6886000000.0,0.0,,-28000000.0,,,,14000000.0,,,,39000000.0,-7000000.0,,,,,,36000000.0,
2022-12-31,-4248000.0,0.009,508000000.0,-472000000.0,-472000000.0,-322000000.0,270000000.0,4561000000.0,36000000.0,-234000000.0,-80000000.0,91000000.0,11000000.0,145752000.0,-322000000.0,6895000000.0,,156006000.0,156006000.0,-2.15,-2.15,-336000000.0,-336000000.0,,-322000000.0,-322000000.0,-322000000.0,-3000000.0,-325000000.0,-457000000.0,15000000.0,-459000000.0,38000000.0,70000000.0,-80000000.0,91000000.0,11000000.0,212000000.0,2106000000.0,42000000.0,42000000.0,42000000.0,42000000.0,304000000.0,1760000000.0,2318000000.0,4789000000.0,7107000000.0,7107000000.0,22000000.0,,-13000000.0,,,,14000000.0,0.0,,,56000000.0,0.0,,,,,,429000000.0,3000000.0
2021-12-31,-28296000.0,0.036,737000000.0,-786000000.0,-786000000.0,-455000000.0,327000000.0,4363000000.0,-49000000.0,-376000000.0,-92000000.0,96000000.0,4000000.0,302704000.0,-455000000.0,6718000000.0,,183168000.0,183168000.0,-2.56,-2.56,-469000000.0,-469000000.0,,-455000000.0,-455000000.0,-455000000.0,-17000000.0,-472000000.0,-700000000.0,86000000.0,-779000000.0,2000000.0,27000000.0,-92000000.0,96000000.0,4000000.0,320000000.0,2083000000.0,55000000.0,55000000.0,55000000.0,55000000.0,310000000.0,1718000000.0,2403000000.0,4635000000.0,7038000000.0,7038000000.0,4000000.0,12000000.0,-7000000.0,,,,14000000.0,0.0,,0.0,40000000.0,0.0,,,0.0,,,796000000.0,3000000.0
2020-12-31,-28956000.0,0.254,828000000.0,-114000000.0,-114000000.0,192000000.0,368000000.0,4084000000.0,714000000.0,346000000.0,-80000000.0,94000000.0,14000000.0,277044000.0,192000000.0,6605000000.0,,208983000.0,208983000.0,0.84,0.85,178000000.0,178000000.0,,192000000.0,192000000.0,192000000.0,64000000.0,252000000.0,-85000000.0,29000000.0,-111000000.0,28000000.0,105000000.0,-80000000.0,94000000.0,14000000.0,417000000.0,2209000000.0,56000000.0,56000000.0,56000000.0,56000000.0,311000000.0,1851000000.0,2626000000.0,4396000000.0,7022000000.0,7022000000.0,-2000000.0,2000000.0,-3000000.0,,,,14000000.0,0.0,,0.0,30000000.0,-9000000.0,,,0.0,,,6000000.0,4000000.0
